TACODE,TANAME,TAVERSION,NUMBER OF ALL ADDRESSES,NUMBER OF FULLY REGISTERED PROPERTIES,NUMBER OF EDW PROPERTIES,PROPS POTENTIALLY WARNED
011FWBWH,"Whitehaven Sea Lock failure, town centre and North Shore Rd",12,283,28,80,108
011FWCN1A,"Cumbrian coastline from Gretna to Silloth including Port Carlisle, Skinburness and Rockcliffe",7,107,44,44,88
011FWCN1B,"Cumbrian coastline from Gretna to Silloth, between Longtown and Skinburness",4,426,94,204,298
011FWCN2A,"Cumbrian coastline from Silloth to St Bees including Maryport, Flimby, Workington and Whitehaven",7,115,26,45,71
011FWCN2B,"Cumbrian coastline from Silloth to St Bees, between Allonby and Whitehaven",4,344,38,110,148
011FWCN2M,Cumbria coast at Maryport harbour,6,54,22,23,45
011FWCN3A,"Cumbrian coastline from St Bees Head to Haverigg, along the coast from North Head to Haverigg",9,63,36,17,53
011FWCN3B,"Cumbrian coastline from St Bees Head to Haverigg, between Braystones and Annaside",4,14,4,2,6
011FWCN4A,"Cumbrian coastline at Duddon estuary, at Haverigg to Duddon Bridge, Foxfield, Dunnerholme",7,186,68,77,145
011FWCN4B,"Cumbrian coastline at Duddon estuary, between Haverigg, Duddon Bridge, Dunnerholme and A595",5,1029,57,699,756
011FWCN5A,"Cumbrian coastline at Barrow in Furness, around Biggar, Rampside and Vickerstown",8,156,62,68,130
011FWCN5B,"Cumbrian coastline at Barrow in Furness, between North and South Walney, Cavendish and Ramsden Docks",4,96,28,42,70
011FWCN6A,"Cumbrian coastline at North Morecambe Bay, along the coast from Roosebeck to Carnforth",6,242,46,120,166
011FWCN6B,"Cumbrian coastline at North Morecambe Bay, between Roosebeck, Ulverston, Flookburgh and A590",5,524,123,254,377
011FWFNC10A,"River Eden at Warwick Bridge, Holme House, Bridge End and Holme Eden Hall",7,22,17,0,17
011FWFNC10B,"River Eden at Warwick Bridge, Warwick Park and Holme Eden Gardens",8,30,29,0,29
011FWFNC11A,River Eden between Newby East and Low Crosby,6,18,10,0,10
011FWFNC11B,River Eden at Warwick Holmes,4,,,,
011FWFNC11C,River Eden at Low Crosby Village and Holme Gate,4,122,102,13,115
011FWFNC13,River Eden at Edenhall,8,,,,
011FWFNC14,River Cocker at Southwaite Bridge,4,,,,
011FWFNC15,River Ehen at Low Mill,5,,,,
011FWFNC16,River Ehen at Braystones,5,21,12,0,12
011FWFNC17A,"Rivers Kent and Mint at Kendal, Westmorland Business Park, Burneside Road, Benson Green",9,104,30,34,64
011FWFNC17B,"Rivers Kent and Mint at Kendal, Lake District Business Park, Busher Walk, New Road, Aynam Road",12,194,86,74,160
011FWFNC17C,"River Kent at Kendal, Mintsfeet, Wildman Street, Castle Street, Stramongate, Aynam Road, Lound Road",15,1040,407,420,827
011FWFNC17D,"Rivers Kent and Mint at Kendal, Mintsfeet Road South, Ann Street, Canal Head, Romney Gardens",12,873,249,379,628
011FWFNC18A,"River Kent at Burneside, Steeles Row and Carling Steps",9,18,13,0,13
011FWFNC18B,"River Kent at Burneside, Bournville, Carling Dale, Ivy Crescent, New Road",13,49,29,14,43
011FWFNC19,River Kent at Helsington Mills,8,,,,
011FWFNC1A,"River Eden at Appleby, The Sands, Cricket ground, King George's Field",8,61,55,2,57
011FWFNC1B,"River Eden at Appleby, Chapel Street, Bridge Street, Holme Street and Court, Low Wiend",8,148,96,30,126
011FWFNC1C,"River Eden at Appleby, Market Square, Boroughgate, Doomgate area",9,29,14,4,18
011FWFNC1D,"Appleby, Holme and Chapel Street and Cherry Row",4,54,44,6,50
011FWFNC20,River Kent at Sedgwick,1,12,6,0,6
011FWFNC21,River Eden at Wetheral,5,16,6,3,9
011FWFNC22,"River Derwent at Workington, Seaton Mill and Barepot",4,94,63,22,85
011FWFNC23,River Derwent at Camerton,2,,,,
011FWFNC24,Lochinvar Beck at Longtown,6,191,6,90,96
011FWFNC25,Thacka Beck at Penrith,4,724,24,398,422
011FWFNC26A,"Wiza Beck and Black Beck at Wigton, Station Rd",5,33,16,9,25
011FWFNC26B,"Speet Gill at Wigton, Burnfoot",3,21,11,8,19
011FWFNC26C,"Wiza Beck, Flosh Beck, Speet Gill and Black Beck at Wigton",4,171,47,82,129
011FWFNC27A,"Ullswater and River Eamont at Pooley Bridge, Ullswater Steamer Pier to B5320 Bridge",5,,,,
011FWFNC27B,"Ullswater and River Eamont at Pooley Bridge, The Eamont at Pooley Bridge Village",4,25,13,5,18
011FWFNC29,"Stock Beck at Kendal, from Calder Drive to the River Kent",7,481,199,195,394
011FWFNC29A,"Stock Beck at Sandylands, Lowther Parks Estate South of Castle Green Road",3,87,14,62,76
011FWFNC29B,"Stock Beck at Sandylands, from Whitbarrow Close to Calder Drive",3,79,7,66,73
011FWFNC29C,"Stock Beck at Appleby Rd, Spital Park, Fowl Ing, Mint Street, Dale Avenue, Kendal Business Park",2,372,134,184,318
011FWFNC2A,"River Eden at Armathwaite, The Castle and Brocklewath",6,13,9,0,9
011FWFNC2B,"River Eden at Armathwaite, Armathwaite Village and Low House",8,28,15,5,20
011FWFNC30A,"Whangs Beck at Egremont, Southey Avenue to Beck Side",6,141,22,79,101
011FWFNC30B,"Skirting Beck at Egremont, Milton Road to Beck Side",6,126,27,63,90
011FWFNC30C,"Skirting Beck at Egremont, Church View and Beck Side",4,45,11,19,30
011FWFNC31A,Town Beck at Ulverston from The Gill downstream to The Ellers area,2,577,64,272,336
011FWFNC31B,Town Beck at Ulverston from The Ellers to Dragley Beck,4,188,34,102,136
011FWFNC31C,Dragley Beck at Ulverston from Dragley Beck Bridge on Well Lane downstream to South Ulverston,2,106,13,67,80
011FWFNC31D,Dragley and Lunds Becks at South Ulverston,2,242,61,122,183
011FWFNC32A,"Poaka Beck, The Yarl, Hagg Gill and Butts Beck at Dalton in Furness including Town Centre, Queen St",4,181,31,90,121
011FWFNC32B,"Poaka Beck, The Yarl, Hagg Gill and Butts Beck at Dalton in Furness, Other areas at risk",2,272,44,151,195
011FWFNC33,River Roe and River Ive from Highbridge to Stockdalewath,3,49,26,20,46
011FWFNC34,Windermere (Lake Levels),3,291,74,91,165
011FWFNC35,River Leven at Newby Bridge and Backbarrow,5,66,17,34,51
011FWFNC36,Glenridding Beck at Glenridding,5,33,19,10,29
011FWFNC37,River Gowan at Staveley and Ings and River Kent at Staveley,7,382,116,121,237
011FWFNC38A,"River Eea at Cartmel and Cark, The Square, Cavendish St, Low Row, Fairfield",1,97,16,31,47
011FWFNC38B,"River Eea at Cartmel and Cark, Priest Lane, Town End, Fairfield",1,112,11,48,59
011FWFNC39,Coledale Beck at Braithwaite,1,137,40,52,92
011FWFNC3A,"River Eden at Carlisle, Rickerby Park, Swifts and Stoneyholme Golf Courses",9,,,,
011FWFNC3B,"River Eden at Carlisle, Etterby Terrace and Eden Place",17,27,24,0,24
011FWFNC3BP,"River Eden and Caldew at Carlisle, Devonshire Walk, West Coast Mainline, Bitts Park, Cricket Club",3,,,,
011FWFNC3C,"River Eden at Carlisle, Rickerby Village",14,43,37,0,37
011FWFNC3CUM,"River Caldew at Cummersdale, Factory",5,,,,
011FWFNC3D,"River Eden and Petteril at Carlisle, City Centre, Botcherby and Warwick Road",17,1759,1346,243,1589
011FWFNC3DH,"River Caldew at Carlisle, Denton Holme, Bousteads Grassing, James Street",6,2199,671,964,1635
011FWFNC3DUR,"Durranhill Beck at Durranhill, Botcherby and Eastern Way Carlisle",9,382,297,55,352
011FWFNC3F,"River Eden at Carlisle, Tesco Store Warwick Road",6,,,,
011FWFNC3HG,River Petteril at Harraby Green,9,157,49,72,121
011FWFNC3LC,Little Caldew at Carlisle,10,201,157,38,195
011FWFNC3ST,River Eden at Stainton,4,,,,
011FWFNC3VER,"River Caldew at Carlisle, Viaduct Estate Road area",4,,,,
011FWFNC3WH,Willowholme Surface Water,7,26,28,0,28
011FWFNC3WIL,"River Caldew and Eden at Carlisle, Willowholme, Caldewgate, Shaddongate",6,839,487,211,698
011FWFNC40,River Wyre at Harrington,1,186,4,111,115
011FWFNC41,"Whelpo Beck, Gill Beck and Cald Beck at Caldbeck",1,43,4,27,31
011FWFNC42A,Brampton Beck at Brampton,1,272,16,136,152
011FWFNC43,River Ellen at Blennerhasset and Baggrow,1,17,5,5,10
011FWFNC44,Blind Beck at Kendal,1,64,7,38,45
011FWFNC45,Parham Beck at Carlisle,1,262,22,160,182
011FWFNC46,Cairn Beck and Trout Beck at Warwick Bridge,1,80,13,24,37
011FWFNC47A,"Church Beck and Yewdale Beck at Coniston, around Ruskin Avenue and Lake Road",2,145,34,68,102
011FWFNC47B,"Church Beck and Yewdale Beck at Coniston, Yewdale Road and Hawkshead Old Road areas",2,153,19,73,92
011FWFNC48A,"River Rothay at Grasmere, White Bridge and Stock Lane",1,55,24,13,37
011FWFNC48B,"River Rothay at Grasmere, Broadgate, College Street and Town End",1,122,27,36,63
011FWFNC49,River Crake Valley,1,37,10,17,27
011FWFNC4A,"Rivers Cocker and Derwent at Cockermouth, Bridge St, Crown St, High Sand Lane and Main St",7,332,209,65,274
011FWFNC4B,"Rivers Cocker and Derwent at Cockermouth, Cricket Ground, Trout Hotel Car Park, Hatters Croft",6,19,17,0,17
011FWFNC4C,"River Cocker at Cockermouth, Market Place and Banks Court",9,80,38,18,56
011FWFNC4D,"River Cocker at Cockermouth, Challoner St, Croft Terrace, Jubilee Court and Rubbybanks Rd",8,208,118,55,173
011FWFNC4E,"River Derwent at Cockermouth, Gote Road to Derwent Mills area and Low Road",10,276,170,72,242
011FWFNC4F,Cockermouth Gote Road and St Leonards,2,104,65,35,100
011FWFNC50A,"Rivers in Ambleside, Rydal Road, Kirkfield, Rothay Park, Fisher Beck, The Borrans",1,393,52,200,252
011FWFNC50B,"Rivers in Ambleside, Rothay Road, Compston Road, Millans Park, Kirkfield, Fisher Beck",1,406,33,199,232
011FWFNC6A,"River Greta at Keswick, Keswick Campsite, Rugby Club and Quinta",5,,,,
011FWFNC6B,"River Greta at Keswick, Fitz Park and Riverside Flats areas",5,60,33,8,41
011FWFNC6C1,"River Greta at Keswick, The Forge area",3,15,8,0,8
011FWFNC6C2,"River Greta at Keswick, Lattrigg Close, Brundholme Gardens, Calvert's Bridge and Keswick Bridge",5,35,15,15,30
011FWFNC6D,"River Greta at Keswick, Crosthwaite Road, Limepots Road, High Hill and Church Lane areas",6,174,153,13,166
011FWFNC6E,"River Greta at Keswick, Elliot Park, Main Street and Pencil Works area",10,180,126,33,159
011FWFNC6EP,Elliot Park at Keswick,9,153,102,30,132
011FWFNC6F,"River Greta at Keswick, Main Street, Bank Street and Greta Side",4,156,71,43,114
011FWFNC6G,"River Greta at Keswick, Penrith Road and Wordsworth Street",4,97,55,29,84
011FWFNC6GP,Greta Street and Penrith Road at Keswick,4,25,16,0,16
011FWFNC6KC,Keswick Campsite,7,,,,
011FWFNC7A,"River Eamont at Eamont Bridge, Kemplay Foot, Skirsgill Lane and Southwaite Green Mill",13,109,71,24,95
011FWFNC7B,"River Eamont at Eamont Bridge, Old Post Office Row and Eamont Park",9,25,14,4,18
011FWFNC8A,"River Ehen at Egremont, Bleach Green, Ennerdale Mill, Bridge End, Vale View, Wood Bank, Rugby Club",5,58,36,12,48
011FWFNC8B,"River Ehen at Egremont, Beck Green, Bridge End, Croft Terrace and Cross Side areas",6,214,27,113,140
011FWFNC9,River Eden at Bolton,9,,,,
011WACN1,Coast from Gretna to Silloth,16,811,144,0,28
011WACN2,Coast from Silloth to St Bees,13,446,64,0,30
011WACN3,Coast from St Bees Head to Haverigg,14,145,53,0,23
011WACN4,Coast at Duddon estuary,4,1198,114,0,62
011WACN5,Coast at Barrow in Furness,14,254,90,0,22
011WACN6,Coast at North Morecambe Bay,12,750,170,0,82
011WAFBR,"Rivers Brathay, Rothay and Winster",11,2263,302,0,240
011WAFCD,"Rivers Cocker, Marron and Derwent",12,1580,662,0,363
011WAFDU,"Rivers Duddon, Crake and Mill Beck",12,2947,376,0,238
011WAFDW,"Upper River Derwent, Stonethwaite Beck and Derwent Water",16,63,16,0,15
011WAFED,"Rivers Ehen, Calder, Irt and Esk",10,1827,181,0,125
011WAFEI,Rivers Esk and Irthing,12,678,44,0,36
011WAFGB,"Rivers Greta, St Johns Beck and Bassenthwaite Lake",7,1580,550,0,248
011WAFKB,Rivers Kent and Bela,11,4534,1263,0,679
011WAFLE,Lower River Eden,11,5805,2582,0,978
011WAFLO,Rivers Lowther and Eamont,10,1150,171,0,106
011WAFME,Middle River Eden,11,421,105,0,60
011WAFPC,Rivers Caldew and Petteril,12,3982,1296,0,586
011WAFUE,Upper River Eden,12,758,243,0,161
011WAFWE,Rivers Wampool and Ellen,15,924,97,0,75
012FWBL33A,"Ribble estuary at Broadgate, around Riverside, The Continental pub and Preston Sports Club",6,110,55,37,92
012FWBL33B,"Ribble estuary at Broadgate, between Connaught Road and Fishergate Hill",7,1336,277,768,1045
012FWBL34A,Ribble estuary at Riversway Docklands,3,1484,121,789,910
012FWCTL01NA,"Lancashire coastline at North Morecambe Town, along Marine Road East and Central to Midland Hotel",5,461,35,259,294
012FWCTL01NB,"Lancashire coastline at North Morecambe Town, between Great Hestham, Torrisholme and Bare",3,4166,107,3151,3258
012FWCTL01SA,Lancashire coastline at South Morecambe Town,3,180,24,78,102
012FWCTL04A,Lancashire coastline at Heysham,13,,,,
012FWCTL05A,"Lancashire coastline at Sunderland, around Sunderland Point, Bazil Point and Potts Corner",16,44,38,0,38
012FWCTL05B,"Lancashire coastline at Sunderland, between Sunderland Brows Farm and Hawthorne Caravan Park",4,,,,
012FWCTL09A,Lancashire coastline at Fleetwood,11,813,40,433,473
012FWCTL09B,"Lancashire coastline at Fleetwood, between Amounderness Way and the coast",4,6902,491,4723,5214
012FWCTL10A,"Lancashire coastline at Cleveleys, around Princes Way, Promenade North and Jubilee Gardens",4,193,11,105,116
012FWCTL10B,"Lancashire coastline at Cleveleys, between Rossall Beach and Anchorsholme",3,9428,906,6222,7128
012FWCTL12A,"Lancashire coastline at Blackpool, along the Promenade from Little Bispham to Squires Gate",14,581,14,298,312
012FWCTL12B,"Lancashire coastline at Blackpool, bordering Revoe and the A5099",3,197,2,123,125
012FWCTL13A,"Lancashire coastline at Lytham St. Annes, along the coast from Squires Gate to Warton Bank",16,44,5,11,16
012FWCTL13B,"Lancashire coastline at Lytham St. Annes, between Lytham Hall Park and Warton Bank",5,1205,195,771,966
012FWCTL14A,"Lancashire coastline at Clifton Marsh, adjacent to Freckleton Pool",12,,,,
012FWCTL14B,"Lancashire coastline at Clifton Marsh, between Freckleton and Savick Brook",12,21,13,2,15
012FWCTL17A,"Merseyside coastline at Southport, affecting Marine Drive",13,,,,
012FWCTL17B,"Merseyside coastline at Southport, between A565 and Marine Drive",4,6458,371,4730,5101
012FWCTL18A,Merseyside coastline at Crosby,9,,,,
012FWCTL19A,"Lancashire coastline at Over Wyre, affecting Pilling Lane, Knott-End-on-Sea and Cote Walls Farm",2,841,246,357,603
012FWCTL19B,"Lancashire coastline at Over Wyre, between Wrampool Bridge, Preesall and Knott End",3,2439,731,1202,1933
012FWCTL20A,"Ribble estuary at Lower Penwortham, around Leyland Road close to the River Ribble",8,,,,
012FWCTL20B,"Ribble estuary at Lower Penwortham, between A582 and the railway line",11,965,492,325,817
012FWCTL21A,Wyre estuary at Burn Naze,4,1680,61,1241,1302
012FWCTL22A,"Lancashire coastline at Thurnham, around Cockersands Abbey, Thurnham Moss and Conder Green",13,28,22,0,22
012FWCTL22B,"Lancashire coastline at Thurnham, between Glasson and Marsh Lane A588",5,93,71,15,86
012FWCTL23A,"Lancashire coastline at Hest Bank, around Marine Drive, Coastal Road and railway line",10,20,6,11,17
012FWCTL23B,"Lancashire coastline at Hest Bank, between railway line and Coastal Road",4,,,,
012FWCTL24A,"Lancashire coastline at Bolton-le-Sands, around Red Bank Farm, The Shore and railway line",7,31,12,13,25
012FWCTL24B,"Lancashire coastline at Bolton-le-Sands, between Red Bank House and Coastal Road",3,,,,
012FWCTL25A,Merseyside coastline at Hightown,7,,,,
012FWCTL26A,"Lancashire coastline at Banks, affecting old Hollow Farm",3,,,,
012FWCTL26B,"Lancashire coastline at Banks, between Banks Marsh and Churchtown Moss",3,2160,191,1420,1611
012FWCTL27A,"Lancashire coastline at Carnforth, around Warton Bridge, Galley Hall and Marsh House Farm",8,20,5,7,12
012FWCTL27B,"Lancashire coastline at Carnforth, between Warton Grange Farm, Cotestones Farm and Crag Bank",3,38,3,27,30
012FWCTL29A,"Wyre estuary at Hambleton, around Wardleys Pool and Brickhouse Lane",10,97,63,21,84
012FWCTL29B,"Wyre estuary at Hambleton, bordering Brickhouse Lane and A588",5,721,91,434,525
012FWCTL30A,"Lancashire coastline at Hesketh, affecting Hesketh Out Marsh",4,,,,
012FWCTL30B,"Lancashire coastline at Hesketh, between Hesketh Out Marsh and Shore Road",3,99,21,59,80
012FWCTL31A,"Wyre estuary at Skippool, area east of Breck Road",7,146,20,88,108
012FWCTL31B,"Wyre estuary at Skippool, bordering Breck Drive and Myrtle Avenue",4,91,9,60,69
012FWCTL32A,"Wyre estuary at Thornton, affecting Nestleton, Underbank Rd, Aylesbury House and Silcock's Cottages",8,,,,
012FWCTL32B,"Wyre estuary at Thornton, between A585, Stanah Road and School Road",3,6499,406,4564,4970
012FWCTL37A,Ribble estuary at Hutton and Longton,3,17,2,6,8
012FWFGM1A,"River Douglas at Wigan, adjacent to River Douglas from Robin Park to Baker St. Poolstock",10,170,34,65,99
012FWFGM1B,"River Douglas at Wigan, between Scholes and Poolstock",9,994,131,446,577
012FWFGM3,"River Douglas at Worthington, Standish",3,71,8,42,50
012FWFGM4A,"Pearl Brook at Horwich, area close to the river from Bridge Street and Old Station Park to the M61",3,92,8,46,54
012FWFGM4B,"Pearl Brook at Horwich, Bridge Street, Lee Lane, Winter Hey Lane and Greenstone Avenue areas",3,391,18,189,207
012FWFL1,River Wyre at Scorton,6,103,48,41,89
012FWFL10A,River Darwen at Ewood and Waterfall in Blackburn,11,18,3,4,7
012FWFL10B,"River Darwen at Lower Darwen, Ewood and Waterfall in Blackburn",11,520,41,296,337
012FWFL12A,"River Darwen at Darwen, affecting Hollins Grove off Blackburn Road between Bright St and Clarence St",14,251,63,121,184
012FWFL12B,"River Darwen at Darwen, between Bright Street and Vale Street in the Livesey Fold area of Darwen",11,62,20,20,40
012FWFL12C,"River Darwen at Darwen, comprising properties between Hardman Way and the M65",13,105,12,33,45
012FWFL13A,"River Blakewater at Blackburn Wranglings, areas around George Street West and Pleasington Street",14,354,31,170,201
012FWFL13B,"River Blakewater at Blackburn Wranglings, between Railway Road and Whalley Banks",12,340,35,109,144
012FWFL1A,River Wyre at Six Arches Lane,2,,,,
012FWFL2,River Wyre at Garstang North,6,74,40,25,65
012FWFL20A,"Savick Brook at Fulwood and Cadley, from Sharoe Green Lane to railway line",11,14,5,0,5
012FWFL20B,"Savick Brook at Fulwood and Cadley, between Woodplumpton Rd and Black Bull Lane",8,189,92,67,159
012FWFL21A,"River Calder at Whalley, around Hole House Farm and Calder Vale",13,14,12,0,12
012FWFL21B,"River Calder at Whalley, between Accrington Rd, Judge Walmsley Mill and Hackings Caravan Park",15,363,235,88,323
012FWFL21C,"River Calder at Whalley, comprising King St north of Accrington Rd",13,55,38,12,50
012FWFL23A,Pumped Watercourses at Preesall,9,1492,418,774,1192
012FWFL24A,"River Darwen at Higher Walton, around Higher Walton Rd, Darwen St and Higher Walton Mills",12,42,25,6,31
012FWFL24B,"River Darwen at Higher Walton, between Higher Walton Road and the foundry on Kittlingbourne Brow",9,282,149,90,239
012FWFL25A,River Douglas at Appley Bridge,7,42,31,3,34
012FWFL26A,"River Douglas at Parbold, along the right bank of the river downstream of the Canal Bridge",7,253,156,83,239
012FWFL26B,"River Douglas at Parbold, between canal bridge and West View and the Wayfarer Pub off Alder Lane",8,,,,
012FWFL26C,"River Douglas at Parbold, comprising low lying properties near canal and Alder Lane",7,,,,
012FWFL27A,"Pendle Water at Barrowford, around Reedyford Bridge",11,333,122,119,241
012FWFL27B,"Pendle Water at Barrowford, Colne Road to Carr Road",1,582,138,285,423
012FWFL28A,"Pendle Water at Lomeshaye, Victoria Park and Park Avenue",10,,,,
012FWFL28B,"Pendle Water at Lomeshaye, football ground, Kirby Road and Lindred Road",11,12,3,0,3
012FWFL28C,"Pendle Water at Lomeshaye, Business Village and Industrial Estate",12,158,80,15,95
012FWFL29A,"River Calder at Fulledge, around Towneley Holmes Road and Holmes Street",10,56,15,27,42
012FWFL29B,"River Calder at Fulledge, area surrounding Mitella Street, Lyndhurst Road and Oxford Road",10,1095,157,658,815
012FWFL2A,River Wyre at Garstang South,3,49,31,11,42
012FWFL2B,River Wyre at Bonds,2,19,9,3,12
012FWFL2C,River Wyre at Kirkland Bridge,3,22,15,0,15
012FWFL2D,River Wyre at Churchtown,2,81,68,7,75
012FWFL2E,River Wyre at Tarnacre,1,23,18,0,18
012FWFL3,River Wyre at St Michaels North,6,206,136,44,180
012FWFL30A,"River Calder at Burnley Town Centre, around Cow Lane and St James's Street",10,44,9,10,19
012FWFL30B,"River Calder at Burnley Town Centre, Centenary Way to Holme Road",10,144,12,30,42
012FWFL31A,"Mearley Brook at Clitheroe, around Up-Brooks, Waterloo Rd, Taylor St and Holden St",13,153,49,61,110
012FWFL31B,"Mearley Brook at Clitheroe, bordering Up-Brooks, Whittle Cl, Brook St and Peel St",11,503,107,237,344
012FWFL31C,"Mearley Brook at Clitheroe, comprising Worston, Up-Brooks and Greenacre St",9,95,14,52,66
012FWFL32A,Pilling Water and Ridgy Pool at Pilling,7,701,337,253,590
012FWFL33A,"Green Brook and Sweet Clough at Padiham, affecting low lying areas by the rivers",7,51,23,10,33
012FWFL33B,"Green Brook and Sweet Clough at Padiham, between Green Lane, Shakespeare St and Printers Fold",8,57,23,22,45
012FWFL33C,"Green Brook and Sweet Clough at Padiham, comprising Printers Fold, Burns Street to Greenbridge Mill",6,208,49,117,166
012FWFL34A,"River Calder at Padiham, around Council offices, Lune St, Ribble St and Burnley Rd",8,85,71,6,77
012FWFL34B,"River Calder at Padiham, between Wyre St and Park Rd, Station Rd and Burnley Rd",10,173,79,60,139
012FWFL34C,"River Calder at Padiham, comprising the business park at Mead Way",8,,,,
012FWFL35A,River Conder and Ou Beck at Galgate,11,301,129,89,218
012FWFL35WB,Whitley Beck at Galgate,2,93,60,18,78
012FWFL3A,River Wyre at St Michaels South,2,50,47,0,47
012FWFL3B,River Wyre at Great Eccleston,4,274,144,93,237
012FWFL3C,River Wyre at Ratten Row,3,19,9,3,12
012FWFL41A,"Pimlico Brook at Clitheroe, along Warwick Drive and Dorset Drive",6,22,10,8,18
012FWFL41B,"Pimlico Brook at Clitheroe, between Longsight Ave, Princess Ave and Chatburn Rd",6,84,40,33,73
012FWFL42A,"Burrow Beck at Lancaster, around Canterbury Ave, Cranwell Ave and Bowerham Road",7,79,43,24,67
012FWFL42B,"Burrow Beck at Lancaster, between Newlands Ave, Lentworth Drive and Whinfell Drive",8,102,36,43,79
012FWFL43A,"River Ribble at Samlesbury, around Brockholes Reserve and Lower Brockholes",5,,,,
012FWFL43B,"River Ribble at Samlesbury, between Brockholes and Preston New Road",7,15,11,0,11
012FWFL45A,"Colne Water at Cotton Tree, Spring Grove to Cotton Tree Lane",6,101,29,59,88
012FWFL45B,"Colne Water at Cotton Tree, bordering Cotton Tree Lane",6,49,11,31,42
012FWFL46A,"Colne Water at Primet Bridge, Bridge Street to M65",6,52,12,18,30
012FWFL46B,"Colne Water at Primet Bridge, between Greenfield Road and the railway line",7,80,7,34,41
012FWFL47A,Colne Water at Lenches around Mill Green and Dam Side,5,,,,
012FWFL47B,Colne Water at Lenches between Cotton Tree Lane and Bridge Street,6,28,4,11,15
012FWFL48A,"Trawden Brook at Trawden, around Skipton Road from the library to the junction with Lachman Road",5,81,31,38,69
012FWFL48B,"Trawden Brook at Trawden, between Lachman Road and the library",5,40,14,22,36
012FWFL49A,"River Brun at Burnley, Netherwood Road and Thompson Park",7,26,8,11,19
012FWFL49B,"River Brun at Burnley, Church Street, Keirby Walk",7,66,8,15,23
012FWFL4A,"River Wenning at Hornby, area to the west of Post Horse Lane",5,,,,
012FWFL4B,"River Wenning at Hornby, beside Main Street",7,125,37,49,86
012FWFL50A,"River Lune at Halton, adjacent to river from Forgebank Walk to M6 bridge",5,44,32,1,33
012FWFL50B,"River Lune at Halton, bordering M6, Church Brow, Mill Lane and Denny Beck Lane",4,114,56,31,87
012FWFL51,Walverden Water at Nelson,6,73,3,26,29
012FWFL52,Rivers in Accrington and Oswaldtwistle,6,913,28,513,541
012FWFL53,"River Lostock, Shaw Brook and Bannister Brook at Leyland",7,1553,129,985,1114
012FWFL54,Sandy Brook and Hurlston Brook at Ormskirk,5,208,67,100,167
012FWFL55A,"River Lune at Caton, Aughton Barns to Brow Cottage",2,,,,
012FWFL55B,"River Lune at Caton, Claughton Terrace to Low Mill",2,85,11,33,44
012FWFL56,River Wenning at Wennington,1,,,,
012FWFL57,"River Blakewater at Blackburn, Cob Wall and Brookhouse",1,243,10,105,115
012FWFL58,River Blakewater and Knuzden Brook at Whitebirk and Green Bank,1,25,2,3,5
012FWFL59A,"Black Brook at Chorley, south Temple Fields",1,,,,
012FWFL59B,"Black Brook at Chorley, Heapey Road to Cowling",1,25,0,11,11
012FWFL59C,"Black Brook at Chorley, Rivington View estate",1,98,1,74,75
012FWFL5A,"River Ribble at Ribchester, area surrounding Blackburn Road",14,11,6,0,6
012FWFL5B,"River Ribble at Ribchester, bordering Boyces Brook, Greenside and surrounding areas",13,59,41,13,54
012FWFL62A,"Upper River Darwen at Darwen, Cross Street to Holme Street",1,19,1,6,7
012FWFL62B,"Upper River Darwen at Darwen, Clough Street to Cross Street",1,33,1,18,19
012FWFL63,"Ewood Mill Race at Ewood, Blackburn",1,158,7,104,111
012FWFL64,Skirden Beck and Kirk Beck at Bolton by Bowland,1,30,9,15,24
012FWFL65,Syd Brook at Eccleston,1,51,13,17,30
012FWFL66,Sefton Street Watercourse at Brierfield,1,196,3,138,141
012FWFL67A,"Horsebridge Dyke at Poulton le Fylde, Adlington Avenue area",1,15,1,10,11
012FWFL67B,"Horsebridge Dyke at Poulton le Fylde, between A586 and the golf club",1,89,7,67,74
012FWFL68,Sabden Brook and Badger Well Water at Sabden,1,118,12,73,85
012FWFL69A,"Boyces Brook and Duddel Brook at Ribchester, Ribblesdale Road and Church Street areas",1,70,33,17,50
012FWFL69B,"Boyces Brook and Duddel Brook at Ribchester, Sarmatian Fold and Fort Avenue areas",1,166,51,68,119
012FWFL6A,"River Ribble at Walton-le-Dale, area from Fishwick Bottoms to Railway Bridge",13,,,,
012FWFL6B,"River Ribble at Walton-le-Dale, between Avenham and Miller Park",10,,,,
012FWFL6C,"River Ribble at Walton-le-Dale, comprising areas around Frenchwood and Capitol Centre",12,825,519,213,732
012FWFL70A,"Heys Brook at Chatburn, Bridge Road and Ribble Lane",1,,,,
012FWFL70B,"Heys Brook at Chatburn, Victoria Court",1,18,2,7,9
012FWFL7A,"River Yarrow at Croston, around Grape Lane, Town Rd and Yarrow Close",13,123,108,11,119
012FWFL7B,"River Yarrow at Croston, between the railway and Home Farm Mews",11,294,221,49,270
012FWFL7C,"River Yarrow at Croston, comprising Back Drinkhouse Lane to Langdale Avenue and sewage works",8,243,138,67,205
012FWFL9A,"River Ribble at Low Moor, Clitheroe",7,30,27,0,27
012FWFM20,Fouracres and The Crescent at Maghull,4,47,31,12,43
012FWFM21A,"Whinney Brook and Dovers Brook at Maghull, around Sefton Lane and the Waste Transfer Station",5,,,,
012FWFM21B,"Whinney Brook and Dovers Brook at Maghull, beside Hall Lane, Fouracres and Sefton Lane",5,464,154,228,382
012FWFM22,Tue Brook at Clubmoor,1,204,0,170,170
012FWFSC3A,"River Lune at Skerton Pool, areas around Riverside Industrial Estate and Halton Training Camp",11,,,,
012FWFSC3B,"River Lune at Skerton Pool, bordering Caton Road, Damside Street and North Road",9,776,225,220,445
012FWFY1A,"River Ribble at Settle, around Holmehead, Watershed Mill and Sowarth Field Ind Est",12,43,18,12,30
012FWFY1B,"River Ribble at Settle, beside the River Ribble at Settle between Christies High Mill and A65",12,192,77,70,147
012FWFY1C,"River Ribble at Settle, comprising Mill Close, New Road and Runley Mill",13,50,12,30,42
012FWFY2A,"River Wenning at High Bentham, at Wenning Avenue, Mayfield Road and Riverside Caravan Park",10,,,,
012FWFY2B,"River Wenning at High Bentham, Todhill, Wenning Avenue and Mayfield Road",9,24,10,5,15
012FWFY3A,"River Wenning at Low Bentham, area including Main St, Cedar House School and Punch Bowl Pub",7,40,22,12,34
012FWFY3B,"River Wenning at Low Bentham, including Collingwood Drive and Mill Lane",8,35,16,9,25
012FWFY4A,"Hellifield Beck at Hellifield, around Park Place, Park Crescent, and Main Road",6,83,17,37,54
012FWFY4B,"Hellifield Beck at Hellifield, between railway line, Gisburn Road and Lancashire Yorkshire Terrace",8,115,39,49,88
012FWTSC2A,"River Lune at Lancaster Quay, area around Morecambe Road and Owen Road",14,334,118,127,245
012FWTSC2B,"River Lune at Lancaster Quay, between St Georges Quay, River Street and Damside Street",13,238,123,74,197
012FWTSC2C,"River Lune at Lancaster Quay, comprising area from Lune Industrial Estate to Lune Street",12,1256,356,589,945
012WACCF,Coast from Cockerham to Fleetwood,14,3838,1077,0,296
012WACFB,Coast from Fleetwood to Blackpool,15,17565,1436,0,738
012WACFC,Coast from Formby to Crosby,11,27,0,0,0
012WACHC,Coast from Heysham to Cockerham,16,1059,95,0,57
012WACLS,Coast at Lytham St Annes,14,1321,201,0,83
012WACSF,Coast from Southport to Formby,14,8630,563,0,266
012WACSM,South Morecambe Bay area,15,4937,198,0,113
012WAFAC,"River Alt, Formby to Huyton",13,1227,174,0,33
012WAFCC,Crossens area in west Lancashire,12,3330,230,0,140
012WAFEL,River Calder in east Lancashire,15,6706,1261,0,472
012WAFLD,Lower River Douglas,12,1210,699,0,285
012WAFLL,Lower River Lune and Conder,13,3431,924,0,208
012WAFLR,Lower River Ribble and Darwen,12,9728,2010,0,417
012WAFLW,Lower River Wyre,12,3477,650,0,328
012WAFLY,River Lostock and River Yarrow,18,2249,168,0,146
012WAFUD,Upper River Douglas,13,3409,278,0,111
012WAFUL,Upper River Lune,12,268,15,0,15
012WAFUR,"Upper River Ribble, Hodder",11,2503,605,0,261
012WAFUW,"Upper River Wyre, Brock",13,1175,280,0,108
012WATLE,Lune estuary south west of Lancaster,18,1580,561,0,154
012WATRE,Ribble estuary west of Preston,14,154,43,0,19
012WATWE,Wyre estuary from Fleetwood and Knott End to Little Eccleston,18,10039,707,0,387
013FWCTDEE,Irish Sea at West Kirby,5,54,33,13,46
013FWCTME1,Coastline at the Head of the Wirral,10,721,288,365,653
013FWFCH1,Manchester Ship Canal at Lymm and Thelwall,3,434,50,291,341
013FWFCH12,River Bollin at Prestbury,6,31,15,13,28
013FWFCH14,Sankey Brook at Gemini,6,32,28,0,28
013FWFCH17,"Sankey Brook around areas of Gemini, Dallam, Bewsey, Longford, Orford, Great Sankey and Penketh",8,2967,143,0,143
013FWFCH18,River Dane at Havannah,7,20,4,8,12
013FWFCH19,River Dane at Congleton,7,550,114,247,361
013FWFCH20,River Bollin at Macclesfield riverside properties,7,121,15,48,63
013FWFCH21,River Bollin at Macclesfield,7,497,72,201,273
013FWFCH22,Poynton Brook at Wigwam wood and parts of Armcon Business Park,6,34,14,15,29
013FWFCH23,Poynton Brook at Poynton and Midway,4,127,38,58,96
013FWFCH24,River Weaver at Northwich Marina,6,,,,
013FWFCH26,River Weaver at Navigation Road and Marine Approach,6,39,29,7,36
013FWFCH27,River Weaver and Dane at Northwich,7,1092,335,481,816
013FWFCH28,Areas closest to Sankey Brook at Dallam,8,128,70,43,113
013FWFCH29,Wider area at risk from Sankey Brook at Dallam,6,437,197,181,378
013FWFCH3,River Weaver at Shrewbridge Lodge,4,,,,
013FWFCH30,Areas closest to Sankey Brook at Sankey Bridges,8,403,232,122,354
013FWFCH31,Wider area at risk from Sankey Brook at Sankey Bridges,7,144,74,55,129
013FWFCH32,Rivacre Brook at Great Sutton,4,52,24,22,46
013FWFCH33,"River Weaver at Nantwich, Lakeside View",4,,,,
013FWFCH34,Weaver Navigation at Winsford,5,,,,
013FWFCH35,River Bollin and Agden Brook at Little Bollington,4,17,13,0,13
013FWFCH37,River Weaver at Pickerings Bridge,6,,,,
013FWFCH38,River Weaver at Nantwich Riverside,5,36,13,17,30
013FWFCH39,River Weaver at Nantwich,6,65,23,28,51
013FWFCH4,River Bollin at Wilmslow,4,25,19,0,19
013FWFCH41,River Weaver at Acton Bridge and Weaverham,4,32,27,0,27
013FWFCH42,"River Weaver at Acton Bridge and Weaverham, higher properties",5,,,,
013FWFCH43,Ditton Brook at Ditton,5,70,20,21,41
013FWFCH45,Ditton Brook at Halebank,6,74,10,44,54
013FWFCH46,River Bollin and Rossendale Brook at Langley and Sutton,3,,,,
013FWFCH48,River Weaver at Meadowgate Farm,8,,,,
013FWFCH50,English River Dee at Farndon,4,,,,
013FWFCH51,River Weaver at Mill Lane and Weaver Park Industrial Estate,2,17,1,1,2
013FWFCH52,River Wheelock and Arcild Brook at Wheelock,2,31,7,13,20
013FWFCH53,Mill Brook at Tattenhall,1,41,15,10,25
013FWFCH54,"Highfield Drain and Finchetts Gutter at Abbot's Mead, Chester",1,18,10,0,10
013FWFD2,Glossop and Long Clough Brook at Glossop,12,709,202,324,526
013FWFD3,River Etherow at Charlesworth and Melandra,8,,,,
013FWFD4,River Etherow at Woolley Bridge and Hadfield,6,57,21,15,36
013FWFD5,River Goyt at Whaley Bridge,5,320,103,120,223
013FWFGM100,River Irwell from Buckley Wells to Radcliffe,6,90,26,21,47
013FWFGM101,Bessy Brook at Lostock,2,37,12,21,33
013FWFGM102,Collier Brook at Atherton,2,264,16,197,213
013FWFGM103,Carr and Chanters Brooks at Atherton,2,56,1,46,47
013FWFGM104,Lee's Bridge at Astley Bridge Central,2,145,5,77,82
013FWFGM105,Lady Brook at Bramhall Green,1,29,15,5,20
013FWFGM106,"Micker Brook at Broadway and Broadway Avenue, Cheadle",1,22,14,9,23
013FWFGM107A,"Micker Brook at Demmings Industrial Estate and surrounding area, Cheadle",1,107,14,68,82
013FWFGM107B,"Micker Brook at Depleach Road to Councillor Lane and surrounding area, Cheadle",1,387,26,281,307
013FWFGM108,Micker Brook at Cheadle Hulme,1,22,6,8,14
013FWFGM109,"Bruntwood Hall Brook and Micker Brook around Broadway, Cheadle",1,139,29,89,118
013FWFGM11,River Roch at Littleborough,12,855,312,409,721
013FWFGM110,Whittle and Kempnough Brooks at Linnyshaw to Roe Green,2,71,5,49,54
013FWFGM111,"Eagley Brook at Deakins Mill, Egerton",2,92,5,60,65
013FWFGM113,Shakerley Brook at Hindsford,1,57,6,32,38
013FWFGM116,Staley and Micklehurst Brooks at Mossley,1,60,26,21,47
013FWFGM117,Old Eea Brook at Urmston,1,,,,
013FWFGM118,River Irwell near Hardy's Gate Bridge,1,170,85,54,139
013FWFGM119,"Hey, Borsdane, and Brookside Brooks at Platt Bridge and Abram",1,77,13,37,50
013FWFGM12,Cringle Brook at Fallowfield,9,210,65,73,138
013FWFGM13,"Cringle Brook at Withington, Fallowfield and Burnage",7,940,242,436,678
013FWFGM14,Gore and Platt Brooks from Birchfield Park to Platt Fields,8,155,19,78,97
013FWFGM16,Chorlton and Platt Brooks at Whalley Range and Chorlton-cum-Hardy,10,1309,112,894,1006
013FWFGM17,"Baguley and Fairywell Brooks at Timperley, Brooklands and Northern Moor",5,348,76,211,287
013FWFGM18,Baguley and Fairywell Brooks at Trafford and Manchester,8,1059,279,600,879
013FWFGM19,River Medlock at Manchester City Centre,7,3298,173,1017,1190
013FWFGM20,Timperley Brook at Altrincham,9,195,92,81,173
013FWFGM21,River Beal at Milnrow,7,264,59,127,186
013FWFGM22,River Beal at Newhey,7,411,19,273,292
013FWFGM23,River Irwell at Bury Ground,6,32,11,3,14
013FWFGM24,"River Tame, Fern Bank and Millbrook in Stalybridge",10,1067,91,620,711
013FWFGM25,River Irwell at Prestolee and Ringley Bridges,6,81,53,20,73
013FWFGM26,River Irwell at Kearsley,6,126,58,43,101
013FWFGM27,Penleach Brook at Higher Folds,6,492,92,334,426
013FWFGM28,Lilford Park Brook at Lilford,5,365,127,212,339
013FWFGM29,Collier Brook at Leigh,7,1152,20,826,846
013FWFGM2B,"River Irwell at Salford, Lower Broughton",4,6537,2615,2432,5047
013FWFGM2C,"River Irwell at Salford, Lower Kersal and Charlestown",4,3600,1793,980,2773
013FWFGM30,River Tame at Meadow Industrial Estate,7,255,93,18,111
013FWFGM31,Rivers Goyt and Mersey at Stockport,11,616,117,126,243
013FWFGM32,River Mersey at Cheadle Wood and Ford lane,6,14,10,0,10
013FWFGM33A,"River Mersey at East Didsbury, Millgate Lane and Stenner Lane areas",2,,,,
013FWFGM33B,"River Mersey at East Didsbury, from Tuscan Road to Wilmslow Road",2,1269,580,529,1109
013FWFGM34,River Mersey at Fletcher Moss and Withington Golf Course,6,,,,
013FWFGM35A,"River Mersey at West Didsbury, Northenden Golf Club and Palatine Road",1,164,90,52,142
013FWFGM35B,"River Mersey at West Didsbury, Mersey Bank Playing Fields and surrounding areas",1,244,93,109,202
013FWFGM35C,River Mersey at Northenden,1,366,186,114,300
013FWFGM36,River Mersey at Sale Water Park,5,,,,
013FWFGM37,"River Mersey at Chorlton & Sale Golf Clubs, Chorlton Water Parks and Stretford",7,309,57,143,200
013FWFGM38,River Mersey at Urmston and Ashton-on-Mersey,8,444,111,269,380
013FWFGM39,River Mersey at Flixton Rural,8,,,,
013FWFGM40,River Mersey at Flixton Village,7,331,106,164,270
013FWFGM41,River Irwell at Radcliffe and Redvales,6,1678,627,740,1367
013FWFGM42,River Irwell at Radcliffe,10,932,365,332,697
013FWFGM44,Worsley Brook at Alder Forest Bridge and the Cricket Grounds,5,146,31,87,118
013FWFGM45,Worsley Brook at Alder Forest around Grange Road,4,34,5,21,26
013FWFGM46,Worsley Brook at Alder Forest Allotments and around the Nook,3,172,46,99,145
013FWFGM47,"River Medlock at Ardwick, Grace Walk, and parts of Palmerston Street and Ancoats Grove",4,12,0,10,10
013FWFGM48,"River Medlock at Ardwick, Linton Grove and parts of Harding Street, Tutbury Street",4,41,2,34,36
013FWFGM49,"Astley Brook at Astley, properties around Manchester Road, Duke Street and at Moss o'Lee Bridge",5,174,33,117,150
013FWFGM5,River Roch in Rochdale,13,754,288,296,584
013FWFGM50,"Astley Brook at Astley, properties near Astley Brook Bridge and two properties on Manchester Road",3,24,1,18,19
013FWFGM51,"Chorlton Brook at Cheadle, Boundary, Bangor Road, Shakespeare Drive and Ashbourne avenue areas",5,325,107,188,295
013FWFGM52,"Chorlton Brook at Cheadle, Sports Field, Palmer Avenue and Cuthbert Road areas",5,263,95,149,244
013FWFGM53,"Chorlton Brook at Cheadle, Carrs and Stockport Road, Cranleigh Drive, Jackson Street areas",5,423,125,213,338
013FWFGM56,River Etherow at Broadbottom,5,11,7,0,7
013FWFGM57,River Etherow at Compstall,5,,,,
013FWFGM58,River Goyt from Marple Dale to Offerton,5,74,35,17,52
013FWFGM60,"River Tame at Audenshaw, Shepley",6,22,2,12,14
013FWFGM61,River Tame at Dukinfield from Alma Street to Tame Street,4,56,17,21,38
013FWFGM62,River Tame at Dukinfield around Wainwright Street and Furnace Street,4,98,11,60,71
013FWFGM63,"River Tame at Denton, Hyde and Woodley",5,20,8,5,13
013FWFGM65,River Goyt at Marple Bridge,6,23,11,3,14
013FWFGM66,River Tame at Delph,5,164,26,80,106
013FWFGM67,River Tame at Uppermill,4,448,71,216,287
013FWFGM68,"River Tame at Mossley, Woodend and Waggon Road",4,59,10,25,35
013FWFGM69,"River Tame at Mossley, Roaches Bridge to Egmont Street",7,155,5,65,70
013FWFGM7,River Irwell at Ramsbottom,11,276,103,103,206
013FWFGM70,"Hey Brook at Rochdale, properties adjacent to the watercourse",6,27,12,10,22
013FWFGM71,"Hey Brook at Rochdale, properties from Buckley Road to Fox Street",8,170,56,89,145
013FWFGM72,River Roch at Hollins,7,89,27,47,74
013FWFGM74,Poise Brook at Offerton and Hazel Grove,6,581,132,358,490
013FWFGM75,River Irk at Cheetham Hill,5,518,37,287,324
013FWFGM77,River Bollin at Heatley,5,115,52,52,104
013FWFGM78,River Irwell at Salford from Victoria Station to Regent Bridge,5,2658,33,973,1006
013FWFGM79,"River Beal at Shaw, riverside properties in Small Brook and Buckstones",3,39,2,24,26
013FWFGM80,River Beal at Shaw from Jubilee to Dunwood,4,287,5,183,188
013FWFGM81,Westleigh Brook at Firs lane,4,643,132,358,490
013FWFGM83,Borsdane and Hockery Brook at Hindley,3,686,66,443,509
013FWFGM84,Millingford Brook at Ashton in Makerfield,5,297,37,147,184
013FWFGM85,Westleigh Brook at Pickley Green,4,23,8,12,20
013FWFGM86,Eagley Brook and River Tongue at Astley Bridge,4,308,15,213,228
013FWFGM87,Eagley Brook at Eagley,5,174,31,79,110
013FWFGM88,Eagley Brook at Dunscar,5,,,,
013FWFGM89,"River Irwell at Summerseat, Riverside",4,65,20,27,47
013FWFGM90,River Irwell at Summerseat,3,109,45,49,94
013FWFGM91,River Irk at Vale Park Industrial Estate,4,133,20,77,97
013FWFGM92,River Irk at Crumpsall Hospital,4,57,4,38,42
013FWFGM93,River Irk at Kendall Road,3,82,11,51,62
013FWFGM94,River Irk at New Bridge,3,,,,
013FWFGM95,River Irk at Rhodes and Middleton,5,131,15,61,76
013FWFGM96,River Irk at Little Green,3,,,,
013FWFGM97,River Irk at Chadderton Fold,4,,,,
013FWFGM98,Honksford Brook at Mosley Common Road and Silk Mill Street,6,46,4,30,34
013FWFGM99,Gatley Brook at Sharston Industrial Estate,7,,,,
013FWFL17,River Irwell at Irwell Vale,12,75,68,0,68
013FWFL36,River Irwell at Waterfoot,6,200,56,83,139
013FWFL37,River Irwell at Rawtenstall,9,740,150,358,508
013FWFL38,"River Irwell at Stubbylee Bridge and Stacksteads, riverside properties",6,26,9,10,19
013FWFL39,"River Irwell at Stubbylee Bridge, Farholme area and Stacksteads, Brandwood Park areas",7,87,14,50,64
013FWFL50,River Irwell at Bacup,10,159,46,46,92
013FWFL51,"River Spodden at Whitworth, Daniel Street",8,114,19,51,70
013FWFL52,"River Spodden at Whitworth, North Street",6,100,8,51,59
013FWFL53,Whitewell Brook at Whitewell Bottom and Scout,5,136,44,68,112
013FWFL54,Whitewell Brook at Piercy and Newchurch from Ashworth Road to Wood Lea Road,6,263,50,121,171
013FWFL55,River Ogden at Clarke Bridge and Hollin Bank,5,167,30,109,139
013FWFL60,Limy Water at Love Clough,5,11,2,0,2
013FWFL61,Limy Water at Crawshawbooth and Constable Lee,7,84,21,36,57
013FWFL62,Folly Clough Brook at Crawshawbooth,3,85,17,30,47
013FWFL8,River Irwell at Strongstry and Chatterton,10,243,137,59,196
013FWFM1,Windle Brook at Dentons Green,7,91,25,53,78
013FWFM10,Childwall and Court Hey Brooks at Childwall and Court Hey Park,7,78,3,65,68
013FWFM11,Netherley Brook at Netherley,3,,,,
013FWFM12,"Black and Clipsley Brooks at Blackbrook, St Helens",1,23,12,4,16
013FWFM2,Mill Brook at Eccleston,2,140,11,96,107
013FWFM3,Rainford Brook at Moss Bank,4,13,1,11,12
013FWFM4,Rainford Brook at Rainford North,5,25,6,10,16
013FWFM5,Rainford Brook at Rainford South,4,30,7,11,18
013FWFM6,Sutton Mill Brook at Sutton Leach,3,102,15,72,87
013FWFM7,Sutton Brook at Moss Nook,3,62,12,38,50
013FWFM8,Ditton Brook at Halewood,5,158,22,102,124
013FWFM9,Prescot Brook at Huyton,5,57,4,28,32
013FWFME4,Arrowe Brook at Upton,8,18,6,6,12
013FWFME6,River Birket at Meols,10,96,33,50,83
013FWFME7,River Birket at Leasowe,10,217,77,114,191
013FWFME8,Arrowe Brook at Moreton West,2,156,30,93,123
013FWTTCH1,Mersey Estuary at Moss Side,7,,,,
013FWTTCH10A,Mersey Estuary at Spectra Business Park at Slutchers Lane,4,76,8,33,41
013FWTTCH10B,"Mersey Estuary at Centre Park, Warrington",4,,,,
013FWTTCH11,"Mersey Estuary at Westy, Warrington",6,189,99,65,164
013FWTTCH12,River Mersey from Runcorn to Woolston,11,9425,466,0,466
013FWTTCH13,Tidal River Dee at Chester,3,444,32,278,310
013FWTTCH14,"Tidal River Dee in England at Hawarden Embankment, Chester",3,300,20,180,200
013FWTTCH15,"Tidal River Dee in England at Northern Embankment, Chester",3,745,53,413,466
013FWTTCH16,Dee estuary at Parkgate and Little Neston,3,91,7,56,63
013FWTTCH17,Tidal River Dee from Grosvenor Bridge to the Groves,1,42,18,15,33
013FWTTCH18,"Mersey Estuary at Victoria Park, Knutsford Road, Warrington",1,,,,
013FWTTCH3,"Mersey Estuary at Arpley Bridge, Warrington",9,,,,
013FWTTCH4,"Mersey Estuary at Fiddlers Ferry, Warrington",10,,,,
013FWTTCH5,"Mersey Estuary at Eastford Road, Warrington",5,36,15,14,29
013FWTTCH6,"Mersey Estuary at Knutsford Road, Warrington",7,1392,468,712,1180
013FWTTCH7,"Mersey Estuary at Howley, Warrington",11,181,63,79,142
013FWTTCH8,"Mersey Estuary at Bank Quay, Warrington",6,25,14,0,14
013FWTTCH9,"Mersey Estuary at Kingsway North, Warrington",7,503,224,233,457
013FWTTME12,Irish Sea at New Brighton,1,73,31,24,55
013FWTTME3,Mersey estuary at Woodside,10,73,22,0,22
013FWTTME8,Irish Sea and Mersey estuary from the Head of the Wirral to Runcorn,11,6829,782,0,782
013WACHIH,Irish Sea from Hilbre Island to Heswall,1,74,37,0,11
013WACNBH,Irish Sea from New Brighton to Hoylake,3,5700,763,0,233
013WAFBO,"River Bollin catchment, including Knutsford, Wilmslow, Macclesfield and Bollington",17,1132,232,0,132
013WAFDA,"River Dane catchment including Kidsgrove, Sandbach, Congleton, Middlewich and Northeast Crewe",16,1538,302,0,136
013WAFDEE,River Dee catchment in England from Whitchurch to Chester,3,1659,151,0,124
013WAFDI,River Ditton catchment including areas around Huyton-with-Roby and Widnes,13,1787,131,0,79
013WAFGL,River Glaze catchment including Leigh and East Wigan,14,7723,823,0,402
013WAFGO,River Gowy catchment including areas around Frodsham,12,261,22,0,20
013WAFLI,Lower River Irwell catchment including areas in Greater Manchester,13,27370,4983,0,913
013WAFLM,"Lower River Mersey including Warrington, Runcorn and Lymm areas",13,12667,1320,0,728
013WAFMM,"Middle River Mersey catchment including areas near Bramhall, Stockport, Sale, Altrincham and Urmston",14,12568,2927,0,1525
013WAFMU,"River Mersey Uplands catchment including Hyde, Ashton-under-Lyne, Denton, Stalybridge and Glossop",14,4875,938,0,501
013WAFSA,River Sankey catchment with St Helens and Warrington,14,4972,837,0,460
013WAFUI,"Upper River Irwell catchment with Oldham, Bolton, Rochdale, Haslingden, Ramsbottom and Rawtenstall",21,11744,2862,0,1094
013WAFWE,"Weaver catchment including Nantwich, Frodsham, Crewe, Winsford and Northwich",25,2105,353,0,210
013WAFWI,"Wirral catchment with Heswall, Ellesmere Port, Bebington, Hoylake and Wallasey",16,3844,752,0,223
013WATDEE,Dee Estuary from Parkgate to Chester,3,1065,89,0,64
013WATMEW,Mersey Estuary at Warrington,3,1940,537,0,180
013WATMEWLW,Mersey Estuary from Liverpool and Wirral to Widnes,3,3592,103,0,55
031FWBSE570,River Severn at Sandhurst and Maisemore,6,172,70,78,148
031FWBSE590,River Severn at Gloucester,7,1425,173,697,870
031FWBSE600,"River Severn at Alney Island, Gloucester",4,89,42,28,70
031FWBSE610,River Severn at Hempsted,5,709,110,309,419
031FWBSE620,River Severn at Minsterworth and Stonebench,5,100,48,40,88
031FWFAR10,River Arrow at Kington,6,186,65,79,144
031FWFAR20,River Arrow at Pembridge,6,41,18,20,38
031FWFAR30,River Arrow at Eardisland,6,178,107,50,157
031FWFAV10,River Avon at Harvington and Offenham,4,31,18,6,24
031FWFAV20,River Avon at Evesham,6,540,192,248,440
031FWFAV30,River Avon at Fladbury and Cropthorne,5,14,8,0,8
031FWFAV40,River Avon at Wyre Piddle,3,,,,
031FWFAV50,River Avon at Pershore and Wick,4,33,23,7,30
031FWFAV55,"River Avon at Nogains and Defford Road, Pershore",2,37,33,0,33
031FWFAV60,River Avon at Birlingham and Eckington,6,11,5,0,5
031FWFAV70,River Avon at Strensham and Bredon,5,12,7,0,7
031FWFAV80,River Avon at Twyning,4,,,,
031FWFBA10,Blackpole and Perdiswell on the Barbourne Brook,5,26,1,9,10
031FWFBA20,Barbourne Brook at Barbourne,5,293,51,158,209
031FWFBAD10,Badsey Bk & Bunches Bk - Childswickham to Murcot,2,58,20,29,49
031FWFBAD20,Badsey Brook from Murcot to Offenham,1,122,29,71,100
031FWFBR10,Brimfield Brook at Orleton and Brimfield,1,103,25,58,83
031FWFBUN10,Bunches Brook from Broadway to Childswickham,1,314,54,188,242
031FWFCA10,River Cam at Cambridge,5,66,38,14,52
031FWFCH10,River Chelt at Charlton Kings,6,82,18,45,63
031FWFCH15,River Chelt at Coxs Meadow,4,,,,
031FWFCH20,River Chelt in Cheltenham Town,8,945,152,416,568
031FWFCH30,"River Chelt at Springbank, Cheltenham",6,216,56,117,173
031FWFCH40,River Chelt at Uckington and Boddington,7,28,14,7,21
031FWFCO10,River Corve at Ludlow,2,57,19,24,43
031FWFDB10,Daniels Brook at Lower Tuffley,1,282,54,164,218
031FWFDU10,Dulas Brook at Ewyas Harold,2,40,22,15,37
031FWFFG10,River Frome at Chalford,4,60,18,25,43
031FWFFG20,River Frome at Brimscombe and Thrupp,4,122,20,59,79
031FWFFG30,River Frome at Stroud and Ryeford,5,251,43,77,120
031FWFFG40,River Frome at Stonehouse and Bridgend,3,63,28,18,46
031FWFFG50,River Frome at Fromebridge and Eastington,6,20,2,10,12
031FWFFH10,River Frome at Bromyard,3,45,28,8,36
031FWFFH20,River Frome at Bishops Frome,2,22,10,3,13
031FWFHB10,Hatherley Brook from Leckhampton to Down Hatherley,1,439,52,300,352
031FWFHEN10,Hen Brook at Stoke Prior,1,101,1,25,26
031FWFHOR10,Horesbere Brook at Gloucester,1,684,170,401,571
031FWFIS10,River Isbourne at Sedgeberrow and Hinton on the Green,4,53,44,0,44
031FWFIS20,"River Isbourne at The Hollows, Sedgeberrow",3,,,,
031FWFKY10,Kyre Brook at Tenbury Wells,2,215,151,40,191
031FWFLU0A,River Lugg at Leominster,10,908,241,455,696
031FWFLU0B,River Lugg at Hampton Bishop,7,147,91,39,130
031FWFLU0C,River Lugg at Eyton and The Broad,1,33,20,7,27
031FWFLU0D,River Lugg at Kenwater,1,283,107,131,238
031FWFLU60,River Lugg at Bodenham,3,92,19,45,64
031FWFLY10,River Lyd at Lydney,6,232,66,88,154
031FWFNS10,Nailsworth Stream from Nailsworth to Dudbridge,2,449,56,186,242
031FWFON10,River Onny tributaries at Craven Arms,1,89,17,62,79
031FWFRE10,Rea Brook in Shrewsbury,4,150,32,86,118
031FWFRW10,River Rea at Newnham Bridge,3,,,,
031FWFSE180,River Severn at Pentre,4,48,37,4,41
031FWFSE190,"River Severn at Shrawardine, Montford Bridge and Mytton",4,15,8,0,8
031FWFSE200,River Severn at Shrewsbury,5,1504,569,618,1187
031FWFSE210,"River Severn at Frankwell, Shrewsbury",4,102,32,47,79
031FWFSE220,"River Severn at the Showground and The Quarry, Shrewsbury",4,,,,
031FWFSE230,"River Severn at Coleham Head, Shrewsbury",3,160,59,52,111
031FWFSE240,River Severn at Buildwas,4,,,,
031FWFSE250,River Severn at Ironbridge and Jackfield,4,116,88,16,104
031FWFSE260,"River Severn at the Wharfage, Ironbridge",4,31,20,4,24
031FWFSE270,River Severn at Sutton Wharf,4,,,,
031FWFSE280,River Severn at Fort Pendlestone and Severn Hall,3,19,13,0,13
031FWFSE290,River Severn at Bridgnorth,5,170,99,62,161
031FWFSE300,"River Severn at Wellmeadow Estate, Bridgnorth",3,51,29,13,42
031FWFSE310,River Severn at Quatford,5,29,16,9,25
031FWFSE320,River Severn at Hampton Loade and Highley,5,33,18,10,28
031FWFSE330,River Severn at Upper Arley,4,,,,
031FWFSE340,"River Severn at Northwood, Bewdley",4,35,20,6,26
031FWFSE350,"River Severn at Bewdley, Blackstone and Stourport",6,122,81,52,133
031FWFSE360,"River Severn at Severnside, Bewdley",5,276,107,104,211
031FWFSE370,"River Severn at Wribbenhall, Bewdley",5,46,35,4,39
031FWFSE380,River Severn at Severn Bank Park,4,29,14,7,21
031FWFSE390,"River Severn Sandy Lane and Severnside, Stourport",6,32,26,8,34
031FWFSE400,"River Severn at Larford, Riverlands and Holt Fleet",7,45,37,7,44
031FWFSE410,River Severn at Hawford Wood and Bevere,6,15,11,0,11
031FWFSE430,River Severn in North Worcester,5,178,80,81,161
031FWFSE435,"River Severn at Pitchcroft, North Worcester",2,21,18,0,18
031FWFSE440,"River Severn at Hylton Road, Worcester",4,38,23,9,32
031FWFSE450,River Severn in South Worcester,4,660,111,365,476
031FWFSE460,Kempsey Village,6,60,28,21,49
031FWFSE465,"River Severn at Court Meadow, Kempsey and Callow End",5,19,15,0,15
031FWFSE470,River Severn at Clifton and Severn Stoke,6,67,31,27,58
031FWFSE475,"River Severn at Hanley Road, Upton upon Severn",3,13,10,0,10
031FWFSE480,"R Severn - Hanley Castle, Rectory Rd & Saxons Lode",10,85,22,27,49
031FWFSE485,"River Severn at Waterside, Upton upon Severn",3,135,51,49,100
031FWFSE490,"River Severn at East Waterside, Upton upon Severn",4,18,17,0,17
031FWFSE495,"River Severn at Dunns Lane, Upton upon Severn",3,,,,
031FWFSE500,River Severn at Uckinghall,4,41,23,18,41
031FWFSE505,"River Severn at New Street and Backfields Lane, Upton upon Severn",4,85,22,29,51
031FWFSE510,River Severn at Bushley,5,,,,
031FWFSE515,River Severn at Ryall,1,39,4,21,25
031FWFSE520,River Severn at Tewkesbury,7,1572,283,893,1176
031FWFSE525,"River Severn at Severn Ham, Tewkesbury",3,111,56,43,99
031FWFSE530,River Severn at Chaceley and Haw Bridge,3,60,39,13,52
031FWFSE535,River Severn at Upton upon Severn,1,341,54,139,193
031FWFSE540,"River Severn at Abbots Court, Deerhurst",4,,,,
031FWFSE545,River Severn at Deerhurst,2,16,10,0,10
031FWFSE550,River Severn at Apperley and The Leigh,5,38,13,9,22
031FWFSE560,River Severn at Ashleworth,4,,,,
031FWFSE580,River Severn at Twigworth and Longford,4,275,151,76,227
031FWFSL10,"Slad Brook from Upper Steanbridge Mill to Rowcroft, Stroud",2,178,35,89,124
031FWFSP10,Spadesbourne Brook at Bromsgrove,1,832,48,466,514
031FWFST20,River Stour at Caunsall and Cookley,4,,,,
031FWFST30,River Stour at Wolverley,4,26,16,5,21
031FWFST40,River Stour at Kidderminster,5,359,77,144,221
031FWFST50,River Stour at Stourport,4,79,17,25,42
031FWFSUD10,Sud Brook at Gloucester,1,1372,114,950,1064
031FWFTA10,River Tanat at Llanyblodwel,2,,,,
031FWFTE100,River Teme at Leigh,4,,,,
031FWFTE110,River Teme at Bransford,3,,,,
031FWFTE120,River Teme at Powick,6,22,20,0,20
031FWFTE125,River Teme at Toronto Close Lower Wick,1,26,22,0,22
031FWFTE130,River Teme at Lower Wick,6,16,10,0,10
031FWFTE20,River Teme at Leintwardine and Walford,4,26,19,0,19
031FWFTE30,River Teme at Ludlow,6,70,37,21,58
031FWFTE40,River Teme at Little Hereford and Ashford Carbonel,4,,,,
031FWFTE50,River Teme at Tenbury Wells and Burford,4,443,238,125,363
031FWFTE60,River Teme at Eardiston,3,15,5,4,9
031FWFTE70,River Teme at Stanford Bridge,5,,,,
031FWFTE80,River Teme at Shelsley Walsh and Clifton Upon Teme,6,,,,
031FWFTE90,"River Teme at Knightwick, Doddenham and Broadwas",4,14,10,0,10
031FWFTW10,River Twyver at Gloucester,1,2229,154,1274,1428
031FWFVB10,Valley Brook from Coleford to Lower Redbrook,2,208,9,116,125
031FWFVY50,River Vyrnwy at Maesbrook,6,18,15,0,15
031FWFVY60,River Vyrnwy at Melverley,3,47,33,10,43
031FWFWB10,Whaddon Brook at Lower Tuffley,1,143,15,83,98
031FWFWE10,Wesley Brook at Shifnal,2,77,30,41,71
031FWFWOT10,Wotton Brook at Gloucester,1,2453,336,1478,1814
031FWFWY0A,River Wye from Hay to Hereford,12,312,124,133,257
031FWFWY0C,River Wye at Hampton Bishop,6,150,94,39,133
031FWFWY0D,River Wye from Hereford to Ross-On-Wye,12,336,103,160,263
031FWFWY0E,River Wye at Lydbrook,8,105,51,30,81
031FWFWY100,River Wye in South Hereford,3,1884,403,1091,1494
031FWFWY110,River Wye in North Hereford,3,379,108,170,278
031FWFWY120,"River Wye at Blackmarstone, Hereford",3,415,81,208,289
031FWFWY130,"River Wye at Rotherwas, Hereford",3,388,100,68,168
031FWFWYB10,"Wymans Brook from Wymans to Pittville, Cheltenham",1,172,26,111,137
031FWFYA10,Yazor and Widemarsh Brook in Hereford,5,841,121,511,632
031FWTSE630,Tidal Severn from Elmore to Rodley,6,123,61,47,108
031FWTSE640,Epney on the Severn Estuary,5,61,33,19,52
031FWTSE650,"Severn Estuary at Frampton, Upper Framilode & Saul",6,594,322,192,514
031FWTSE660,Framilode and Priding on the Severn Estuary,5,30,20,7,27
031FWTSE670,Arlingham on the Severn Estuary,5,80,45,24,69
031FWTSE680,"Westbury, Broadoak and Newnham on the Severn Estuary",6,65,31,24,55
031FWTSE690,Slimbridge on the Severn Estuary,6,50,30,12,42
031FWTSE700,Purton on the Severn Estuary,5,14,6,0,6
031FWTSE710,Sharpness and Lydney Harbour on the Severn Estuary,7,88,21,35,56
031FWTWY0F,Wye Estuary at Brockweir,3,33,15,14,29
031FWTWY0G,"Wye Estuary at Elmdale, Chepstow",3,,,,
031WAF103,River Severn in Shropshire,11,2240,817,0,563
031WAF104,Tern and Perry catchments,8,2930,57,0,57
031WAF105,Rea Brook and Cound Brook,5,847,89,0,75
031WAF106,River Worfe,5,136,21,0,16
031WAF107,Brooks in the Wyre Forest,6,,,,
031WAF108,River Severn in Worcestershire,10,2185,844,0,580
031WAF109,River Stour in Worcestershire,7,1054,139,0,60
031WAF110,River Salwarpe,4,2249,106,0,101
031WAF111,Barbourne Brook,5,507,86,0,58
031WAF112,Upper Teme,11,777,125,0,111
031WAF113,Lower Teme,5,1102,406,0,297
031WAF114,Severn Vyrnwy confluence,5,285,121,0,94
031WAF115,River Lugg North of Leominster,6,1442,425,0,165
031WAF116,River Lugg south of Leominster,6,467,177,0,106
031WAF117,River Arrow in Herefordshire,7,449,198,0,103
031WAF118,River Frome in Herefordshire,7,107,55,0,50
031WAF119,River Wye in Herefordshire,7,3104,680,0,367
031WAF120,River Wye in Gloucestershire,4,33,16,0,11
031WAF121,River Monnow and tributaries in England,5,347,41,0,40
031WAF200,Ledwyche Brook and River Rea,2,77,10,0,10
031WAF201,Kempsey Village,2,60,28,0,23
031WAF208,Bow and Piddle Brook,5,137,32,0,32
031WAF209,River Avon in Worcestershire,9,593,290,0,163
031WAF211,Rivers in South Worcestershire,11,826,148,0,128
031WAF212,Tributaries in Gloucester,12,4831,518,0,449
031WAF213,River Leadon catchment,6,332,44,0,44
031WAF214,River Severn in Gloucestershire,13,3534,888,0,559
031WAF215,Rivers in the Forest of Dean,8,950,174,0,102
031WAF216,Rivers Frome and Cam,10,2127,418,0,176
031WAF218,Tributaries in Cheltenham and Tewkesbury,2,4207,578,0,351
031WAF219,Slad Brook,2,121,31,0,18
031WAT122,Wye Estuary in Gloucestershire,5,316,33,0,25
031WAT217,Severn estuary from Gloucester to Sharpness,13,1552,508,0,222
033FWF3ALCESTER,River Arrow and River Alne at Alcester and Oversley Mill,6,1041,386,433,819
033FWF3ALN001,River Alne at Bird in Hand,5,16,5,6,11
033FWF3ALN002,River Alne at Henley in Arden,5,498,191,217,408
033FWF3ALN003,"River Alne at Wootton Wawen, Pennyford Mill and Grey Mill Lane",9,195,55,99,154
033FWF3ALN004,River Alne at Pennyford Lane and Little Alne,5,,,,
033FWF3ALN005,River Alne at Chapel Lane and Church Lane in Aston Cantlow and Great Alne,3,35,13,17,30
033FWF3ALN006,"River Alne at Mill House and Mill Farm in Aston Cantlow, Mill Lane in Great Alne and Hoo Mill",2,13,9,0,9
033FWF3ANKR001,River Anker at Horeston Grange and Attleborough,9,303,65,186,251
033FWF3ANKR002,River Anker at Nuneaton Town Centre,7,686,116,241,357
033FWF3ANKR003,River Anker at Weddington,7,100,24,55,79
033FWF3ANKR004,River Anker at Leather Mill,4,,,,
033FWF3ANKR005,"River Anker at Mancetter, Witherley and Atherstone",6,86,12,46,58
033FWF3ANKR006,River Anker at Grendon and Bradley Green,6,20,4,11,15
033FWF3ANKR007,River Anker at Polesworth,6,122,49,57,106
033FWF3ANKR008,"River Anker at Amington, Tamworth",5,72,8,39,47
033FWF3ANKR009,River Anker at Tamworth Town Centre,7,142,14,91,105
033FWF3ARR001,River Arrow at Studley,7,43,16,18,34
033FWF3ARR002,River Arrow at Spernall,5,,,,
033FWF3ARR003,River Arrow at Coughton,7,,,,
033FWF3ARR005,River Arrow at Wixford,6,14,9,0,9
033FWF3ARR006,River Arrow at Broom,6,57,39,12,51
033FWF3ARR007,River Arrow at Salford Bridge,8,11,1,4,5
033FWF3ASHBOURNE,Henmore Brook at Ashbourne,5,401,46,205,251
033FWF3ASHFIELD,Ashfield Brook at Newcastle-Under-Lyme,2,109,4,73,77
033FWF3AVON001,River Avon at Stanford on Avon,5,15,6,0,6
033FWF3AVON002,River Avon at Rugby and Newbold on Avon,7,568,88,360,448
033FWF3AVON003,River Avon at Little Lawford and Newnham Grounds,5,,,,
033FWF3AVON004,River Avon at Bretford,5,,,,
033FWF3AVON005,River Avon at Marston and Wolston,8,146,38,70,108
033FWF3AVON007,River Avon at Bubbenhall,5,,,,
033FWF3AVON008,River Avon at Ashow and Blackdown,6,,,,
033FWF3AVON009,River Avon at Guys Cliffe and Emscote,5,176,27,114,141
033FWF3AVON010,River Avon at Warwick,5,275,68,151,219
033FWF3AVON011,"River Avon at Barford, Hampton Lucy, Alveston and Tiddington",4,121,29,61,90
033FWF3AVON013,River Avon at Stratford upon Avon,5,500,112,242,354
033FWF3AVON014,River Avon at Weston on Avon and Welford on Avon,5,71,45,19,64
033FWF3AVON015,"River Avon at Barton, Bidford on Avon and Marlcliff",6,130,39,55,94
033FWF3BLITHE01,River Blithe at Blythe Bridge,5,55,15,29,44
033FWF3BLITHE02,"River Blithe at Blythe Park Industrial Estate, Cresswell",6,49,1,3,4
033FWF3BLITHE03,River Blithe from Leigh Crossing to Dapple Heath,4,14,7,0,7
033FWF3BLITHE04,River Blithe from Blithfield Reservoir to Bancroft,4,11,6,0,6
033FWF3BLYTH001,River Blythe at Cheswick Green,6,99,48,39,87
033FWF3BLYTH002,"River Blythe at Widney Manor, Brueton Park and Eastcote",5,53,24,23,47
033FWF3BLYTH004,"River Blythe at Barston, Temple Balsall and Bradnocks Marsh",4,,,,
033FWF3BLYTH005,River Blythe at Molands Bridge,4,,,,
033FWF3BLYTH006,River Blythe at Little Packington and Dukes Bridge,4,,,,
033FWF3BLYTH007,River Blythe at Blyth End,4,,,,
033FWF3BOURN,The Bourn at Bournville,1,183,41,93,134
033FWF3BOURNB01,Bourne Brook at Hints and Drayton Manor Park,4,46,1,10,11
033FWF3BOURNBROOK,Bourn Brook at Selly Oak,1,1501,105,590,695
033FWF3CANLEY001,Canley Brook at Tile Hill,2,112,1,73,74
033FWF3CANLEY002,Canley Brook at Canley,3,54,8,34,42
033FWF3CECL01,Cecily Brook at Cheadle,4,,,,
033FWF3CHUR001,River Churnet at Leek,6,30,9,9,18
033FWF3CHUR002,River Churnet at Cheddleton,6,51,18,18,36
033FWF3CHUR003,River Churnet at Froghall including Consall Forge,4,,,,
033FWF3CHUR004,River Churnet at Oakamoor,5,29,15,6,21
033FWF3CHUR005,River Churnet at Alton,4,,,,
033FWF3CHUR006,River Churnet at Quixhill,4,,,,
033FWF3CHUR007,River Churnet at Rocester,5,26,12,8,20
033FWF3CHUR008,River Churnet at Leekbrook,5,176,32,122,154
033FWF3CHUR009,River Churnet at Barnfields,2,,,,
033FWF3CLAY001,Clay Coton Brook at Clay Coton and Yelvertoft Brook at Yelvertoft,6,88,35,31,66
033FWF3COLE001,River Cole at Coleshill,6,160,45,60,105
033FWF3COLE010,River Cole at Solihull Lodge,5,43,27,7,34
033FWF3COLE012,"River Cole at Sarehole, Hall Green",5,60,23,28,51
033FWF3COLE013,River Cole at Sparkhill,5,205,82,88,170
033FWF3COLE014,River Cole at Greet,5,61,22,34,56
033FWF3COLE015,River Cole at Hay Mills,5,169,42,85,127
033FWF3COLE016,River Cole at Bordesley Green East,5,33,7,16,23
033FWF3COLE017,River Cole at Stechford,5,172,25,103,128
033FWF3COLE018,River Cole at Colehall,6,94,28,53,81
033FWF3COLE019,River Cole at Babbs Mill,6,49,19,25,44
033FWF3COLE020,"River Cole at Woodlands, Coleshill",4,,,,
033FWF3CRADLEY,River Stour at Cradley Heath,3,29,0,0,0
033FWF3DENE01,River Dene at Wellesbourne,6,116,81,23,104
033FWF3DENE02,River Dene at Walton,2,,,,
033FWF3DOVE001,River Dove from Coldwall Bridge to Okeover,3,,,,
033FWF3DOVE002,River Dove at Hangingbridge and Church Mayfield,4,106,59,31,90
033FWF3DOVE003,River Dove at Norbury and Lower Ellastone,4,,,,
033FWF3DOVE004,River Dove at Rocester,5,,,,
033FWF3DOVE008,River Dove at Marston on Dove,4,14,8,0,8
033FWF3DOVE011,River Dove at Fauld Cottage Farm and Cornill Lane,1,,,,
033FWF3DOVE012,River Dove at Doveridge and Sudbury,3,15,8,0,8
033FWF3DOVE013,River Dove at Fauld Lane and Tutbury,6,38,10,19,29
033FWF3DOVE014,River Dove at Dovefields Crossing and Saltbrook Cottage,6,32,22,2,24
033FWF3DOVE015,River Dove at Green Lane and Saltbrook Meadow Farm,1,,,,
033FWF3EARLSWOOD,River Blythe at Earlswood,3,29,1,7,8
033FWF3EGGINTON,River Dove and Egginton Brook at Egginton,4,236,134,66,200
033FWF3ENDON001,Endon Brook at Denford,2,12,3,0,3
033FWF3ETWALL,Etwall Brook at Etwall,1,29,13,7,20
033FWF3FGREEN01,"Ford Green Brook at Fegg Hayes, Bradeley and Sneyd Green",7,57,3,41,44
033FWF3FORD01,Ford Brook at Bescot,5,97,6,69,75
033FWF3FORD02,Ford Brook at Walsall,2,713,7,303,310
033FWF3FORD03,Ford Brook at Rushall,1,201,21,149,170
033FWF3FOST001,Foston Brook at Foston,6,12,2,0,2
033FWF3FOWLEA01,Fowlea Brook at Stoke on Trent,1,328,14,111,125
033FWF3GOG,Gog Brook at Warwick,2,165,20,115,135
033FWF3HALESOWEN,River Stour at Halesowen,1,64,9,40,49
033FWF3HAMPS001,River Hamps at Waterhouses,4,41,29,7,36
033FWF3HATTON,River Dove at Hatton,5,1353,601,489,1090
033FWF3HILT001,Hilton Brook at Sutton on the Hill and Uttoxeter Road Hilton,4,16,13,0,13
033FWF3HILT002,Hilton Brook at Hilton,2,1443,361,684,1045
033FWF3ILLEY,Illey Brook at Halesowen,1,54,17,31,48
033FWF3ITCHEN,River Itchen at Long Itchington,5,138,33,82,115
033FWF3KENILWORTH,Finham Brook at Kenilworth,1,78,16,47,63
033FWF3KINVER,River Stour at Kinver,1,,,,
033FWF3LEAM001,River Leam at Grandborough and Kites Hardwick,5,27,20,0,20
033FWF3LEAM002,River Leam at Marton,5,78,39,29,68
033FWF3LEAM003,"River Leam at Eathorpe, Hunningham and Offchurch",5,29,17,10,27
033FWF3LEAMINGTON1,River Leam at Leamington A,6,42,29,11,40
033FWF3LEAMINGTON2,River Leam at Leamington B,5,59,39,15,54
033FWF3LEAMINGTON3,River Leam at Leamington C,2,298,117,85,202
033FWF3LEAMINGTON4,River Leam at Leamington D,2,778,217,298,515
033FWF3LUTLEY,Lutley Gutter at Halesowen,1,95,9,69,78
033FWF3LYME01,Lyme Brook at Newcastle under Lyme and Trent Vale,6,248,3,174,177
033FWF3MART001,Marchington Brook at Marchington,4,40,31,2,33
033FWF3MEASE01,Gilwiskaw Brook at Packington,4,16,10,0,10
033FWF3MEASE02,River Mease at Measham and Netherseal,5,47,22,18,40
033FWF3MEASE03,"River Mease at Clifton Campville, Harlaston and Croxall",5,15,6,0,6
033FWF3PENK001,River Penk at Coven,5,12,8,0,8
033FWF3PENK003,River Penk at Somerford,4,,,,
033FWF3PENK004,River Penk at Congreve and Water Eaton,4,,,,
033FWF3PENK005,River Penk at Penkridge,6,123,45,40,85
033FWF3PENK007,River Penk at Acton Bridge,3,,,,
033FWF3PERRY,Perry Brook at Perry Barr,1,236,35,160,195
033FWF3PLANTS,Plants Brook at Sutton Coldfield,1,203,7,129,136
033FWF3REA001,River Rea at Longbridge,6,197,59,103,162
033FWF3REA002,River Rea at Northfield,8,249,68,120,188
033FWF3REA003,River Rea at Kings Norton,7,72,19,32,51
033FWF3REA004,River Rea at Lifford,6,53,25,19,44
033FWF3REA005,River Rea at Breedon Cross,6,16,8,0,8
033FWF3REA006,River Rea at Stirchley,8,716,273,313,586
033FWF3REA007,River Rea at Calthorpe,3,836,12,632,644
033FWF3REA008,River Rea at Edgbaston,6,425,8,240,248
033FWF3REA009,"River Rea at Highgate, Deritend and Digbeth",4,1497,14,634,648
033FWF3REA010,"River Rea at Vauxhall, Saltley and Nechells",3,47,5,16,21
033FWF3RID001,"Ridings Brook at Rumer Hill, Cannock",6,25,13,10,23
033FWF3RID002,"Ridings Brook at Bridgetown, Cannock",6,34,3,22,25
033FWF3RISE001,"Rising Brook, Stafford",4,211,76,114,190
033FWF3ROLLESTON,Rolleston Brook and River Dove at Rolleston,5,97,50,25,75
033FWF3SALTISFORD,Saltisford Brook at Warwick,2,413,28,277,305
033FWF3SAND001,Sandyford Brook in Stafford,5,286,61,147,208
033FWF3SARE001,"Saredon Brook at Wedges Mills, Cannock",4,32,17,9,26
033FWF3SARE002,Saredon Brook at Standeford near Coven,4,33,8,16,24
033FWF3SCROPTON,River Dove at Scropton,3,98,48,22,70
033FWF3SENCE001,River Sence from Temple Mill to Sheepy Magna,6,27,10,11,21
033FWF3SHER001,River Sherbourne at Allesley,2,111,38,56,94
033FWF3SHER002,River Sherbourne at Coventry City Centre,2,748,14,438,452
033FWF3SHER003,"River Sherbourne at Pinley and Whitley, Coventry",2,,,,
033FWF3SMES01,Smestow Brook at Wightwick,1,48,1,36,37
033FWF3SMES02,Smestow Brook at Seisdon and Woodford Grange,1,11,3,0,3
033FWF3SMES03,Smestow Brook at Hinksford,1,137,19,93,112
033FWF3SOW002,River Sow St. Thomas area,3,,,,
033FWF3SOW003,River Sow Tixall area,3,,,,
033FWF3SOWE001,River Sowe at Bedworth,2,82,4,64,68
033FWF3SOWE002,River Sowe at Longford,2,49,5,18,23
033FWF3SOWE003,"River Sowe at Manor House, Coventry",2,76,2,52,54
033FWF3SOWE004,"River Sowe at Wyken and Stoke, Coventry",3,177,5,129,134
033FWF3SOWE005,River Sowe at Baginton,2,,,,
033FWF3STAFFPENK,River Penk at Stafford,5,289,100,165,265
033FWF3STAFFSOW,River Sow at Stafford,6,635,132,277,409
033FWF3STAMBERMILL,River Stour at Stambermill,2,19,3,8,11
033FWF3STJOHNS,St Johns Brook at Warwick,2,960,116,644,760
033FWF3STOUR01,"River Stour at Mitford Bridge, Shipston on Stour and Tredington",4,144,64,45,109
033FWF3STOUR02,River Stour from Halford to Clifford Chambers,2,54,37,7,44
033FWF3STOURBRIDGE,River Stour at Stourbridge,2,184,33,113,146
033FWF3SWARB01,"River Swarbourn at Woodlane Bridge, Yoxall",6,,,,
033FWF3SWARB02,River Swarbourn at Yoxall,2,25,16,0,16
033FWF3SWIFT01,River Swift at Rugby,4,49,13,22,35
033FWF3TAME001,River Tame at Horseley Heath and Great Bridge,5,608,105,346,451
033FWF3TAME002,River Tame at Golds Hill,5,25,2,7,9
033FWF3TAME003,River Tame at Holloway Bank,5,101,4,73,77
033FWF3TAME004,River Tame at Wednesbury,6,233,70,114,184
033FWF3TAME005,River Tame at Bescot,5,,,,
033FWF3TAME006,River Tame at Ray Hall Water Works,5,243,34,184,218
033FWF3TAME007,River Tame at Sandwell Valley and Forge Mill Farm,5,,,,
033FWF3TAME008,River Tame at Hamstead,6,312,77,178,255
033FWF3TAME009,River Tame at Perry Barr,6,593,81,358,439
033FWF3TAME010,River Tame at Witton and Salford Park,5,1064,185,572,757
033FWF3TAME011,River Tame at Gravelly Hill,5,1083,238,668,906
033FWF3TAME012,River Tame at Castle Vale,6,1700,261,1178,1439
033FWF3TAME013,River Tame at Water Orton,6,74,6,46,52
033FWF3TAME014,River Tame at Hams Hall,5,52,2,17,19
033FWF3TAME015,River Tame at Whitacre and Nether Whitacre,5,245,39,145,184
033FWF3TAME016,"River Tame at Marston, Kingsbury and Cliff",4,49,13,22,35
033FWF3TAME017,River Tame and Bourne Brook at Fazeley,8,378,143,163,306
033FWF3TAME018,River Tame at Kettlebrook,6,139,17,104,121
033FWF3TAME019,River Tame at County Drive and Bitterscote,5,1125,223,771,994
033FWF3TAME020,River Tame at Ventura Park,5,186,12,94,106
033FWF3TAME021,River Tame at Lichfield Road Tamworth,5,1692,270,1072,1342
033FWF3TAME022,River Tame at Comberford,4,34,19,8,27
033FWF3TAME023,River Tame at Elford,4,180,60,78,138
033FWF3TAME024,River Tame at Croxall,5,,,,
033FWF3TANYARD,Tanyard Stream at Kenilworth,1,192,21,121,142
033FWF3TEAN001,"River Tean at Upper Tean, Lower Tean and Checkley",5,53,13,33,46
033FWF3TEAN002,River Tean at Fole and Beamhurst,4,,,,
033FWF3TEAN003,River Tean at Spath area,3,,,,
033FWF3TEAN005,River Tean at Adderley,4,,,,
033FWF3TEAN006,River Tean at Brookhouses,4,,,,
033FWF3TRENT01,River Trent at Norton Green,5,34,16,12,28
033FWF3TRENT03,River Trent at Abbey Hulton and Bucknall,7,190,22,112,134
033FWF3TRENT04,River Trent at Stoke on Trent,7,1402,35,765,800
033FWF3TRENT05,River Trent at Hanford and Trentham,5,55,12,34,46
033FWF3TRENT07,River Trent at Stone,5,102,11,63,74
033FWF3TRENT08,"River Trent at Enson, Sandon, Salt and Weston",6,47,8,27,35
033FWF3TRENT09,River Trent at Great Haywood Little Haywood and Colwich,7,44,13,18,31
033FWF3TRENT10,River Trent at Rugeley,7,125,32,30,62
033FWF3TRENT11,"River Trent at Hill Ridware, Pipe Ridware and Mavesyn Ridware",5,17,6,3,9
033FWF3TRENT12,"River Trent at Handsacre, Nethertown and Kings Bromley",5,43,20,18,38
033FWF3TRENT13,River Trent at Alrewas and Wychnor,7,55,22,23,45
033FWF3TRENT14,"River Trent at Catton, Barton under Needwood and Branston Water Park",7,48,16,14,30
033FWF3TRENT15,River Trent at Burton upon Trent,8,13284,1393,8195,9588
033FWF3TRENT16,River Trent at riverside areas of Burton upon Trent,5,142,44,70,114
033FWF3UTTOX001,Picknall Brook at Uttoxeter,5,96,53,16,69
033FWF3UTTOX002,"Dovefields Industrial Estate area, Uttoxeter",6,177,74,75,149
033FWF3WASHFORD,River Arrow at Washford Mill,1,97,17,60,77
033FWF3WATERHEAD,"Waterhead Brook at Bushbury, Wolverhampton",2,357,31,276,307
033FWF3WYRLEY,Wash Brook and Wyrley Brook at Churchbridge,1,282,21,212,233
033WAF201,Upper Avon River Swift and Clay Coton Brook,14,634,114,0,89
033WAF202,R Sowe & R Sherbourne and Canley Bk & Finham Bk,6,2251,124,0,112
033WAF203,River Leam and River Itchen,9,1854,529,0,165
033WAF204,Middle Avon Rugby to Bidford,10,5777,758,0,607
033WAF205,River Arrow and River Alne,9,2956,788,0,310
033WAF206,River Dene in South East Warwickshire,10,119,82,0,48
033WAF207,River Stour in South Warwickshire,7,588,141,0,107
033WAF300,River Rea,4,5869,645,0,331
033WAF301,River Cole,9,2920,304,0,56
033WAF302,River Blythe in Warwickshire,11,428,83,0,25
033WAF303,Upper Tame,12,13697,1207,0,273
033WAF304,Middle Tame,11,4561,744,0,353
033WAF305,Bourne Brook (Tamworth),7,285,44,0,12
033WAF306,Lower Tame,12,341,87,0,61
033WAF307,River Anker and River Sence,9,2927,327,0,139
033WAF308,River Mease,11,697,57,0,49
033WAF309,Stoke Trent,15,4417,113,0,66
033WAF310,Stone Trent,9,395,33,0,24
033WAF311,Rugeley Trent,10,588,71,0,51
033WAF312,River Sow and River Penk,11,4515,552,0,185
033WAF313,River Blithe and River Swarbourn,10,234,43,0,29
033WAF314,Burton Trent,12,14634,1591,0,1059
033WAF315,Upper Dove,11,638,144,0,73
033WAF316,River Hamps and River Manifold,7,67,35,0,14
033WAF317,River Churnet and River Tean,11,546,131,0,80
033WAF318,Lower Dove,15,1929,793,0,186
033WAF319,Lower Dove Brooks and Egginton Brook in Derbyshire,14,1669,471,0,88
033WAF320,Lower Dove Brooks in Staffordshire,10,223,130,0,31
033WAF330,River Stour and Smestow Brook in the Black Country and South Staffordshire,2,2139,107,0,99
033WAF340,Upper Tame at Sandwell Valley,1,,,,
034FWBIDBAWTRY,River Idle at Bawtry including the A631 Bawtry Bridge,4,19,10,0,10
034FWBIDMISSON,River Idle at Misson,6,504,200,219,419
034FWBTRALKBRFLT,River Trent at Alkborough Flats,2,,,,
034FWBTRBECKHAM,River Trent at Beckingham Marsh,7,115,42,57,99
034FWBTRBESTHRP,River Trent at Besthorpe,5,84,22,44,66
034FWBTRBURRINGM,River Trent at Burringham,4,792,457,235,692
034FWBTRCARLTON,River Trent at Carlton on Trent including Beck Cottage,9,35,18,11,29
034FWBTRCLIFTON,River Trent at North Clifton and South Clifton,5,170,109,40,149
034FWBTRCOLLHAM,River Trent at Collingham,5,96,38,46,84
034FWBTRCOTTAM,River Trent at Cottam,4,180,52,82,134
034FWBTRCROMWELL,River Trent at Cromwell,5,40,13,21,34
034FWBTRCROWLE,River Trent at Crowle,4,9543,2889,4497,7386
034FWBTRDUNHAM,River Trent at Dunham-on-Trent,5,158,86,43,129
034FWBTREASTBUTT,River Trent at East Butterwick,4,313,201,68,269
034FWBTREASTWILD,River Trent at East Ferry and Wildsworth,3,104,38,42,80
034FWBTRFLEDBORO,River Trent at Fledborough and Ragnall,5,14,7,0,7
034FWBTRGAINBORO,River Trent at Gainsborough,4,4384,1217,2068,3285
034FWBTRGIRTON,River Trent at Girton,5,24,21,0,21
034FWBTRHATFIELD,River Trent at Hatfield Chase,3,683,191,316,507
034FWBTRKEADBY,River Trent at Keadby,3,954,491,312,803
034FWBTRLANEHAM,River Trent at Laneham and Church Laneham,5,113,66,35,101
034FWBTRLEA,River Trent at Lea,5,56,4,31,35
034FWBTRMARNHAM,River Trent at High Marnham and Low Marnham,5,58,27,25,52
034FWBTROWSTON,River Trent at Owston Ferry,4,1047,583,302,885
034FWBTRSCUNTHOR,River Trent at Scunthorpe,3,1893,557,967,1524
034FWBTRSPAWIGHA,"River Trent at Spalford, Wigsley and Harby",3,587,182,303,485
034FWBTRSUTTON,River Trent at Sutton-on-Trent including Carlton Hall,7,420,121,189,310
034FWBTRTORKSEY,River Trent at Torksey,5,964,463,315,778
034FWFAMAMBERGT,River Amber at Ambergate,8,45,16,15,31
034FWFBALANGLEY,Bailey Brook at Langley,1,106,9,33,42
034FWFBBTHORACRE,Black Brook at Thorpe Acre,7,1257,271,731,1002
034FWFBEEASTWD,Beauvale Brook and Nether Green Brook at Eastwood,1,118,25,66,91
034FWFBKSYSTON,Barkby Brook at Syston,1,483,157,200,357
034FWFBLHUCKNLL,Baker Lane Brook at Hucknall and Titchfield,1,555,49,359,408
034FWFBNBRAUN,Braunstone Brook at Leicester City,1,693,31,501,532
034FWFBOLITEATON,Bottle Brook at Little Eaton,6,176,96,58,154
034FWFBOLOWKIL,Bottle Brook at Lower Kilburn and Coxbench,7,70,56,8,64
034FWFBORAWGREEN,Bottle Brook at Rawsons Green,6,131,68,44,112
034FWFBRBRADWL,Bradwell Brook at Bradwell,1,54,15,26,41
034FWFBUEVINLEIC,"Bushby Brook at Thurncourt, Evington and North Evington in Leicester City",3,1757,80,1291,1371
034FWFBUTHURNLEIC,Bushby Brook at Thurnby in Leicester City,1,71,14,49,63
034FWFCBBELPER,Coppice Brook at Belper,1,97,7,65,72
034FWFCOLOWDHAM,Cocker Beck at Lowdham,7,402,239,107,346
034FWFDBOLDBASFD,Day Brook at Old Basford,9,386,138,190,328
034FWFDBOLDBVENT,Day Brook at Ventnor Rise and Athorpe Grove in Old Basford,9,59,24,27,51
034FWFDBUPDYBRK,Upper Day Brook at Sherwood and Woodthorpe,1,253,13,158,171
034FWFDEALLSTREE,River Derwent at Allestree Ford Lane Bridge and Darley Abbey Park,14,35,19,5,24
034FWFDEALVASTON,River Derwent at Alvaston,5,602,299,187,486
034FWFDEAMBASLNE,River Derwent at Ambaston Lane,7,,,,
034FWFDEAMBASTON,River Derwent at Ambaston,6,48,44,0,44
034FWFDEAMBERGT,River Derwent at Ambergate,10,81,54,13,67
034FWFDEBAMFORD,River Derwent at Bamford including Mytham Bridge,9,43,29,4,33
034FWFDEBASLOW,River Derwent at Baslow and Bubnell,10,96,59,22,81
034FWFDEBELPER,River Derwent at Belper,10,299,76,110,186
034FWFDECALVER,River Derwent at Calver,12,74,39,21,60
034FWFDECHADD,River Derwent at Chaddesden,7,52,36,10,46
034FWFDECHATSWTH,River Derwent at Chatsworth,9,,,,
034FWFDECHURCHW,River Derwent at Church Wilne and Wilne Lane,9,,,,
034FWFDEDARLBRDG,River Derwent at Darley Bridge,10,25,21,0,21
034FWFDEDARLDALE,River Derwent at Darley Dale,10,16,15,0,15
034FWFDEDARLFOLL,"River Derwent at Darley Abbey, Folly Road",7,164,83,37,120
034FWFDEDERCITY,River Derwent at Derby City,8,483,31,150,181
034FWFDEDERWATER,River Derwent at Spondon and Raynesway Industrial Areas,7,39,25,1,26
034FWFDEDRAYCOTT,River Derwent at Draycott,5,256,77,127,204
034FWFDEDUFFHALL,River Derwent at Duffield Church and Village Hall,4,,,,
034FWFDEELVASTON,River Derwent at Elvaston Castle Country Park,6,15,7,0,7
034FWFDEGRINDLE,River Derwent at Grindleford,9,12,12,0,12
034FWFDEHATHERSA,River Derwent at Hathersage,10,,,,
034FWFDELITEATON,River Derwent at Little Eaton,11,241,188,32,220
034FWFDELITTLECH,"River Derwent at Little Chester, Eastgate and Cattle Market",11,2103,817,871,1688
034FWFDEMATBATH,River Derwent at Matlock Bath,10,83,35,15,50
034FWFDEMATLOCK,River Derwent at Matlock,12,398,227,97,324
034FWFDEMILFORD,River Derwent at Milford,8,162,61,60,121
034FWFDENTHCHRCH,River Derwent at Churchtown and Northwood,8,20,16,0,16
034FWFDEPRIDEPRK,River Derwent at Pride Park and Derby Railway Station,8,106,60,14,74
034FWFDERACEPARK,River Derwent at Racecourse Park at Chaddesden,6,993,304,526,830
034FWFDERAYNES,River Derwent at Raynesway,5,,,,
034FWFDEWHATSTAN,River Derwent at Whatstandwell including Cromford and Lea Wood,10,85,59,9,68
034FWFDVBOTTSFRD,"River Devon at Bottesford, Easthorpe, Muston and Woolsthorpe",7,589,289,191,480
034FWFEASCOTTER,River Eau at Scotter,5,25,17,0,17
034FWFECDUFFIELD,Rivers Ecclesbourne and Derwent at Duffield,7,599,330,181,511
034FWFERILKESTON,River Erewash at Ilkeston,8,185,73,61,134
034FWFERIRONVIL,River Erewash at Ironville,6,86,35,39,74
034FWFERJACKDALE,River Erewash at Jacksdale,6,49,12,22,34
034FWFERLANGMILL,River Erewash at Langley Mill,5,177,60,53,113
034FWFERLONGEATN,River Erewash at Long Eaton,7,1391,310,696,1006
034FWFERPINXTON,River Erewash at Pinxton,7,72,31,29,60
034FWFERPYBRIDGE,River Erewash at Pye Bridge,6,48,14,20,34
034FWFERSANDIACR,River Erewash at Sandiacre,10,445,147,176,323
034FWFERSTAPLE,River Erewash and Boundary Brook at Trowell and Stapleford Moorbridge Lane,8,243,117,95,212
034FWFERSTAPLST,River Erewash around Stapleford Oakfield Road,8,514,137,238,375
034FWFERTOTON,Rivers Erewash and Trent at Toton,6,30,25,0,25
034FWFEVLEICS,Evington Brook at North Evington and Spinney Hills in Leicester City,1,1150,100,745,845
034FWFGDWHITWICK,Grace Dieu Brook at Whitwick and Thringstone,7,171,64,67,131
034FWFGOBREAST,Golden Brook and Stream at Breaston,3,212,91,89,180
034FWFIDRETFORD,"River Idle at Retford, Eaton and Gamston",3,564,253,223,476
034FWFIDRETWEST,River Idle at West Retford and Ordsall,3,448,161,232,393
034FWFLEBULWELL,River Leen at Bulwell,6,716,188,310,498
034FWFLEDUNK,Rivers Leen and Trent at Dunkirk,8,1143,416,275,691
034FWFLEOLDBASFD,"Rivers Leen at Old Basford, New Basford and Bobbers Mill",8,1212,370,576,946
034FWFLEOLDLENTN,Rivers Leen and Trent at Old Lenton and Castle Marina,2,1555,522,589,1111
034FWFLERADFORD,River Leen at Radford,10,1286,45,451,496
034FWFLOBALDRTN,Lowfield Drain and Middle Beck at Balderton,3,128,17,83,100
034FWFLUBRAUNST,Lubbesthorpe and Thorpe Astley Brooks at Braunstone Town,2,154,12,123,135
034FWFMAEDWINOLL,River Maun at Edwinstowe and Ollerton,5,61,19,19,38
034FWFMAHAMILWD,"River Maun at Haughton, Milton and West Drayton",5,35,12,17,29
034FWFMAMANSFLD,River Maun at Mansfield,7,326,93,112,205
034FWFMASHERCARA,River Maun at Sherwood Forest Caravan Park near Kings Clipstone,2,,,,
034FWFMBMRKEAT,Markeaton and Bramble Brooks at Derby City,1,1568,63,899,962
034FWFMEBUDBY,River Meden at Budby,5,,,,
034FWFMEPLEASVAL,River Meden at Pleasley,1,109,23,21,44
034FWFMEWARSOP,"River Meden at Market Warsop, Church Warsop and Meden Vale",6,90,16,48,64
034FWFMLRUSHMEAD,Melton Brook at Rushey Mead in Leicester City,1,934,68,672,740
034FWFOUGEDCARL,Ouse Dyke at Gedling and Carlton,1,148,17,96,113
034FWFOUNETHFLD,Ouse Dyke and River Trent at Netherfield,1,2338,577,1124,1701
034FWFPKCASTLETN,Peakshole Water at Castleton,1,58,34,18,52
034FWFRBREARSBY,Rearsby Brook at Rearsby,1,36,16,14,30
034FWFRERETFORD,Retford Beck at Retford,1,655,108,336,444
034FWFROGLENFLD,Rothley Brook at Glenfield and Anstey,6,110,49,47,96
034FWFROROTHLEY,Rothley Brook at Rothley,5,78,39,25,64
034FWFRYBLYTH,River Ryton at Blyth,5,14,2,4,6
034FWFRYSCROOBY,River Ryton at Scrooby including Serlby,6,28,7,11,18
034FWFRYSHELLY,"River Ryton at Worksop, Shelley Street",4,43,29,8,37
034FWFRYWORKSP,River Ryton at Worksop Town Centre including Shireoaks,7,342,165,78,243
034FWFSBSILEBY,Sileby Brook at Sileby,1,157,49,80,129
034FWFSEBLABPAR,River Sence at Blaby and Glen Parva,6,253,39,134,173
034FWFSEGRTGLEN,River Sence at Great Glen,5,137,75,36,111
034FWFSMASLWHAT,River Smite at Aslockton and Whatton,3,265,47,161,208
034FWFSMSHEPORT,River Smite at Shelton Lodge and Port Grange Farms,3,15,2,1,3
034FWFSOAYLESTNE,River Soar at Aylestone,9,133,31,77,108
034FWFSOBARRSOAR,River Soar at Barrow upon Soar,8,30,16,6,22
034FWFSOBELGRAVE,"River Soar, Willow Brook and Melton Brook at Belgrave",10,2163,371,1212,1583
034FWFSOBRUNSTNE,River Soar at Braunstone,9,255,101,132,233
034FWFSOCARAVANBS,River Soar at caravan parks near Barrow upon Soar,2,16,11,0,11
034FWFSOCOSSNGTN,River Soar at Cossington Village,8,,,,
034FWFSOCOTES,River Soar at Cotes and Loughborough Moors,8,80,16,50,66
034FWFSOCROFT,River Soar at Croft,7,63,21,32,53
034FWFSOENDERBY,River Soar at Enderby,7,,,,
034FWFSOKEGWORTH,River Soar at Kegworth,7,352,51,194,245
034FWFSOLEIABMED,River Soar at Leicester Abbey Meadows,9,963,160,484,644
034FWFSOLEICFROG,River Soar at Frog Island and riverside areas of Leicester,8,1144,174,650,824
034FWFSOLEICSTER,River Soar at Leicester City,9,4117,82,1521,1603
034FWFSOLITLTHRP,River Soar at Littlethorpe and Narborough,7,,,,
034FWFSOMNTSORRL,River Soar at Mountsorrel Lock and riverside properties and mills,7,58,21,24,45
034FWFSONORMOOR,River Soar at Moor Lane in Normanton on Soar and Hathern Sports Ground,9,21,13,0,13
034FWFSONORMSOAR,River Soar at Normanton on Soar,6,28,14,6,20
034FWFSONRTHAYLE,River Soar at North Aylestone,4,654,122,335,457
034FWFSOQUORN,River Soar at Quorn,9,1058,184,674,858
034FWFSORATSOAR,River Soar at Ratcliffe on Soar,6,21,7,5,12
034FWFSOREDKEG,River Soar at Redhill and Kegworth Bridge,6,46,29,3,32
034FWFSORUSHMEAD,River Soar at Rushey Mead,8,177,88,43,131
034FWFSOSHRNFRD,River Soar at Sharnford including Croft Mill,8,55,40,8,48
034FWFSOSILEBY,River Soar at Sileby,6,33,19,5,24
034FWFSOSUTTBONN,River Soar at Sutton Bonnington,6,55,36,10,46
034FWFSOTHURMSTN,River Soar at Thurmaston,8,406,46,254,300
034FWFSOZOUCH,River Soar at Zouch Island,7,62,46,6,52
034FWFTHLEICS,Thurnby Brook at Thurnby in Leicester City,1,57,4,35,39
034FWFTOWOLBEEST,Tottle Brook at Wollaton and Beeston,1,349,33,219,252
034FWFTRATTBRGH,Rivers Trent and Erewash at Chilwell and Attenborough,10,3029,1636,1048,2684
034FWFTRATTNATRE,River Trent at Attenborough Nature Reserve,2,,,,
034FWFTRATTVILL,River Trent at Attenborough Village,7,177,101,50,151
034FWFTRAVRSTAY,"River Trent at Averham, Staythorpe and Kelham",8,56,42,14,56
034FWFTRBARROW,River Trent at Barrow upon Trent,9,205,119,66,185
034FWFTRBEESTON,River Trent at Beeston Rylands,10,5239,2933,1430,4363
034FWFTRBLEASBY,River Trent at Bleasby,8,244,155,62,217
034FWFTRBRTNFAB,River Trent at Barton in Fabis,9,103,40,36,76
034FWFTRBSTNMNA,River Trent at Beeston Lock and Marina,6,88,41,21,62
034FWFTRBURTJOYC,River Trent at Burton Joyce,9,579,253,222,475
034FWFTRCASDONKM,River Trent at Castle Donington around Kings Mill,8,,,,
034FWFTRCASDONN,River Trent at Castle Donington including Hemington and Lockington,11,510,81,290,371
034FWFTRCAVBRDG,River Trent at Cavendish Bridge,7,28,27,3,30
034FWFTRCAYTHOR,River Trent at Caythorpe,6,101,72,25,97
034FWFTRCOLWICK,River Trent at Colwick and Victoria Park,10,1665,534,740,1274
034FWFTRCOLWICKR,River Trent at Colwick Racecourse,8,,,,
034FWFTRFARNDON,Rivers Trent and Devon at Farndon,10,927,554,286,840
034FWFTRFARNWYK,Rivers Trent & Devon at Farndon riverside properties including Dorner Avenue and Wyke and Marsh Lane,9,37,35,0,35
034FWFTRFISKERTN,River Trent at Fiskerton,8,301,189,75,264
034FWFTRFISKMILL,"River Trent at Fiskerton Mill including Rolleston Fields, Gorse and Nurseries",9,,,,
034FWFTRGIBSMERE,River Trent at Gibsmere and Gipsy Lane at Bleasby,7,70,44,11,55
034FWFTRGUNTHRP,River Trent at Gunthorpe including the A6097,9,376,247,81,328
034FWFTRHLMPIER,River Trent at Holme Pierrepont,6,144,59,40,99
034FWFTRHOLME,River Trent at Holme,5,42,30,3,33
034FWFTRHOVNGHM,River Trent at Hoveringham,7,150,112,27,139
034FWFTRHPWATER,River Trent at Holme Pierrepont for the National Watersports Centre,7,,,,
034FWFTRLNTPRKRD,River Trent at Lenton for Nottingham Park and Ride Site at Queens Drive,7,,,,
034FWFTRLOCKHEM,"River Trent at Hemington Ponds, Hole and Fields",8,16,5,6,11
034FWFTRNEWARK,River Trent at Newark,11,677,157,356,513
034FWFTRNEWCAT,River Trent at Newark Cattle Market,9,163,57,55,112
034FWFTRNEWRIVER,River Trent at Newark for riverside properties,6,206,74,74,148
034FWFTRNEWSAWLY,River Trent at New Sawley,14,3218,1983,922,2905
034FWFTRNOTTCITY,River Trent at Nottingham including The Meadows,13,6793,2124,2488,4612
034FWFTRNTHMUSKHM,River Trent at North Muskham,7,383,175,168,343
034FWFTRRADCARA,River Trent at Radcliffe on Trent Caravan Park,6,111,53,36,89
034FWFTRRADTRNT,River Trent at Radcliffe on Trent,11,182,79,79,158
034FWFTRROLLSTN,River Trent at Rolleston,9,143,101,37,138
034FWFTRRPTING,River Trent at Willington around Repton Road,8,109,57,36,93
034FWFTRSAWLEY,Rivers Trent and Erewash at Sawley and Long Eaton,10,8224,3345,3077,6422
034FWFTRSAWMARIN,"River Trent at Sawley Marina, including Sawley Lock",7,14,7,0,7
034FWFTRSHARDLW,Rivers Trent and Derwent at Shardlow and Great Wilne,6,566,367,145,512
034FWFTRSHELFRD,River Trent at Shelford,6,90,68,15,83
034FWFTRSHLFDMNR,River Trent at Shelford for Shelford Manor and The Holmes,9,20,8,6,14
034FWFTRSTKEBAR,River Trent at Stoke Bardolph,11,548,71,168,239
034FWFTRSTMUSKHM,River Trent at South Muskham and Little Carlton,8,163,75,72,147
034FWFTRSUGARNWK,River Trent at Newark Sugar Factory and Kelham Bridge,10,19,18,0,18
034FWFTRSWARKST,River Trent at Swarkestone,8,35,23,5,28
034FWFTRTHRMPTN,River Trent at Thrumpton including Barton Ferry,10,37,23,8,31
034FWFTRTOLNEY,River Trent at Newark Tolney Lane and Riverside Marinas,11,166,56,63,119
034FWFTRTRENTLK,River Trent at Trentlock,8,29,24,3,27
034FWFTRTWYFORD,River Trent at Twyford,7,36,22,10,32
034FWFTRWESTBRG,River Trent at West Bridgford,12,9328,3062,3824,6886
034FWFTRWILFORD,River Trent at Wilford,11,2258,882,1087,1969
034FWFTRWLLNGTN,River Trent at Willington,9,332,209,94,303
034FWFWBWHETSTNE,Whetstone Brook at Whetstone,7,287,126,103,229
034FWFWDWOODBRO,Woodborough Brook at Woodborough,1,72,37,23,60
034FWFWILEICS,Willow Brook at North Evington and Belgrave in Leicester City,2,3219,120,2006,2126
034FWFWOLOUGHB,Wood Brook and River Soar at Loughborough to the north of Derby Road,9,1334,198,744,942
034FWFWOLUFSOUTH,Wood Brook at Loughborough to the south of Derby Road,2,612,53,256,309
034FWFWRASFRDBY,River Wreake at Asfordby,7,31,6,17,23
034FWFWRFRISWRKE,River Wreake at Frisby-on-the-Wreake,6,,,,
034FWFWRMELTNMOW,River Wreake at Melton Mowbray,9,1034,158,551,709
034FWFWRMILLS,"River Wreake for mills at Hoby, Thrussington and Ratcliffe",6,,,,
034FWFWRRATHRUSS,River Wreake at Thrussington and Ratcliffe on the Wreake,7,19,9,5,14
034FWFWRRIVSYST,Rivers Wreake and Soar for riverside properties near Syston and Birstall,4,42,15,16,31
034FWFWRSYSTON,River Wreake at Syston,7,710,283,321,604
034FWFWYASHFRD,River Wye at Ashford in the Water,8,56,25,20,45
034FWFWYASHFRDCS,River Wye at Ashford in the Water around Church Street,6,41,31,5,36
034FWFWYBAKEWELL,River Wye at Bakewell,11,693,445,165,610
034FWFWYBAKMILF,River Wye at Wye Bank and Milford at Bakewell,8,102,68,22,90
034FWFWYBUXTON,River Wye and Hogshaw Brook at Buxton,5,329,38,114,152
034FWFWYCHEE,"River Wye at Chee Dale, Cressbrook and Upperdale",14,43,19,19,38
034FWFWYLITTMILL,River Wye at Litton Mill,3,36,19,14,33
034FWFWYROWSLEY,Rivers Wye and Derwent at Rowsley,8,61,57,5,62
034WAB420,Tidal Trent for riverside areas from Gainsborough to the Humber confluence,4,2900,1619,0,598
034WAB421,Tidal Trent wider floodplain from Gainsborough to the Humber confluence,8,10953,3256,0,1006
034WAB424,River Trent from Cromwell Weir to Gainsborough,12,7593,2519,0,828
034WAF401,River Sence in Leicestershire,5,464,119,0,62
034WAF402,Upper Soar catchment,18,11651,1335,0,458
034WAF403,"Rothley Brook, Quorn Brook and Sileby Brook in Leicestershire",10,621,208,0,104
034WAF404,River Wreake in Leicestershire,10,2911,726,0,372
034WAF405,Tributaries in Leicester City,1,13838,1128,0,569
034WAF407,Upper Derwent in Derbyshire,12,348,195,0,61
034WAF408,River Wye in Derbyshire,10,1372,690,0,149
034WAF409,Lower Derwent in Derbyshire,9,7504,3098,0,769
034WAF410,Tributaries in North Derbyshire,4,701,158,0,110
034WAF411,Tributaries in South Derbyshire,2,2907,116,0,104
034WAF413,Bottle Brook in Derbyshire,8,355,199,0,53
034WAF414,River Trent in Derbyshire,11,665,360,0,102
034WAF415,River Trent in Nottinghamshire,15,51059,21050,0,3285
034WAF416,River Erewash in Derbyshire and Nottinghamshire,12,6098,2392,0,832
034WAF417,"River Leen, Day Brook and Tottle Brook in Nottinghamshire",9,8306,1771,0,326
034WAF419,River Devon and Smite in Leicestershire and Nottinghamshire,12,1115,355,0,141
034WAF422,River Idle in Nottinghamshire,8,2458,800,0,331
034WAF423,River Erewash Tributaries in Derbyshire and Nottinghamshire,1,2886,1571,0,243
034WAF426,Loughborough urban watercourses and local tributaries to the River Soar,13,5632,755,0,435
034WAF427,Ryton Oldcotes catchment,7,489,213,0,143
034WAF428,Lower River Soar in Leicestershire,8,4032,735,0,477
034WAF429,River Trent Tributaries in Nottinghamshire,13,4030,1193,0,518
034WAF430,River Maun in Nottinghamshire,6,429,125,0,29
034WAF431,River Ecclesbourne in Derbyshire,6,470,246,0,98
034WAF432,River Amber in Derbyshire,9,48,16,0,15
034WAF433,River Eau in Scotter,5,25,17,0,13
034WAF434,River Meden in Nottinghamshire,7,212,39,0,38
051FWCDV4B10,"Harwich Town, Dovercourt and Bathside Bay",11,1657,814,557,1371
051FWCDV4B11,Hamford Water on the Essex coast,10,233,127,79,206
051FWCDV4B12a,Walton on the Naze,6,475,208,164,372
051FWCDV4B12b,Holland Marshes,6,335,142,120,262
051FWCDV4B6,The tidal River Stour at Mistley,9,97,17,38,55
051FWCDV4B7,The tidal River Stour at Manningtree,11,456,206,138,344
051FWCDV4B9,The Parkeston Quay and the Ramsey River,10,398,206,116,322
051FWCDV4C1a,"The Essex coast from Clacton, to and including, Lee-over-Sands",5,3058,1086,1140,2226
051FWCDV4C1b,The tidal River Colne at Point Clear and Saint Osyth Creek,6,348,218,93,311
051FWCDV4C1c,The tidal River Colne from Brightlingsea to Wivenhoe,7,586,344,164,508
051FWCDV4C2,The tidal River Colne upstream of the Colne Barrier,6,2845,634,1310,1944
051FWCDV4C3,"The Essex coast at West Mersea, including The Strood and surrounding marshland",8,139,79,40,119
051FWCDV4C4,The Essex coast at East Mersea,7,,,,
051FWCDV4C5,Salcott cum Virley,6,89,61,22,83
051FWCDV4C6,Tollesbury and adjacent marshland,7,106,65,12,77
051FWCDV4C7a,The Blackwater estuary at Heybridge,5,2555,1368,872,2240
051FWCDV4C7b,The Blackwater estuary from Maldon to Maylandsea,7,278,136,113,249
051FWCDV4C8,Maldon Town waterfront and the Hythe,8,187,25,125,150
051FWCDV4C9,The south bank of the Blackwater estuary in Essex,7,641,288,227,515
051FWCDV4D1,The Essex coast from St Peters Flat to Burnham-on-Crouch,9,58,37,18,55
051FWCDV4D2,The Essex coast at Burnham-on-Crouch,6,968,634,237,871
051FWCDV4D3,The tidal River Crouch from Creeksea to Battlesbridge,7,2309,1216,616,1832
051FWCDV4D4,Hullbridge waterside properties,7,224,87,92,179
051FWCDV4D5,The Essex coast at Wallasea and Foulness Islands,7,101,79,20,99
051FWCDV4D6,"Paglesham, Rochford, The Wakerings and Potton Island",7,1272,837,323,1160
051FWCDV5A1,The Essex coast at Shoeburyness to Southend Pier,7,3471,621,2098,2719
051FWCDV5A2,The Essex coast at Southend seafront from the Pier to Chalkwell,6,114,44,48,92
051FWCDV5B1,"The Thames estuary at Leigh-on-Sea, from Chalkwell to Hadleigh marshes",8,57,31,14,45
051FWCDV5B2North,Canvey Island north,5,9509,945,6963,7908
051FWCDV5B2South,Canvey Island south,7,8473,938,5886,6824
051FWCDV5B3EAST,"The Thames estuary from Shellhaven, to and including Tilbury",7,7095,512,4978,5490
051FWCDV5B3EASTA,The Essex coast at Coalhouse Fort and surrounding marshland,1,,,,
051FWCDV5B3WEST,"The Thames estuary from Grays to Purfleet-on-Thames, including West Thurrock",7,7895,503,5245,5748
051FWFEF1A,Bumpstead Brook through Steeple Bumpstead to New England,4,156,55,46,101
051FWFEF1B,The Stour Brook from Haverhill to Sturmer,3,318,38,185,223
051FWFEF2,The River Stour from downstream of Kedington to Sudbury,8,148,54,65,119
051FWFEF3A,The River Stour from Sudbury to Boxted,10,484,153,247,400
051FWFEF3B,The River Stour from Boxted to Dedham,8,280,117,112,229
051FWFEF4A,The River Colne from Castle Hedingham to upstream of Halstead,9,275,37,168,205
051FWFEF4B,The River Colne from Halstead to Lexden,9,650,125,370,495
051FWFEF4C1,Riverside properties on the River Colne in Colchester,5,74,36,30,66
051FWFEF4C2,"The River Colne, through Colchester",5,1272,347,697,1044
051FWFEF4D1,"The upper River Colne and surrounding tributaries, through Great Yeldham to Castle Hedingham",1,101,37,46,83
051FWFEF5A,"The River Pant, from Great Bardfield to Braintree",11,295,86,169,255
051FWFEF5B,The River Blackwater from Braintree to Langford,10,357,191,103,294
051FWFEF5C,"The River Brain through Braintree, to and including Witham",9,477,40,300,340
051FWFEF6A,The River Chelmer from Churchend to the Rivermead Industrial Estate in Chelmsford,8,181,64,84,148
051FWFEF6B,"The River Wid from Ingatestone, to and including, Writtle",8,107,15,69,84
051FWFEF6C1,Riverside properties on the Rivers Chelmer and Can in Chelmsford,5,320,39,173,212
051FWFEF6C2,"The Rivers Can and Chelmer, through Chelmsford",6,3071,167,1759,1926
051FWFEF6D,The River Chelmer from the A138 at Chelmsford to Maldon,8,270,45,177,222
051FWFEF7A,The River Crouch from Noak Bridge to Runwell,8,291,46,163,209
051FWFEF7B,The Eastwood Brook and Prittlewell Brook in the Southend area,16,1296,101,888,989
051FWFEF7C,The Mardyke from North Stifford to Purfleet-on-Thames,8,254,25,168,193
051WACDV4C,"The Essex coast from Clacton to and including, St Peters Flat and the Colne and Blackwater estuaries",12,10363,4261,0,772
051WACDV4D,The Essex coast from St Peters Flat to and including Shoeburyness and the Crouch and Roach estuaries,10,4923,2885,0,298
051WACDV5A,"The Essex coast from Shoeburyness, to and including Southend seafront, including Southchurch Park",7,3585,665,0,301
051WACDV5B1,"The Essex coast from Leigh-on-Sea, to and including, Hadleigh Marshes, and Two Tree Island",3,57,31,0,6
051WACDV5B2,"The Essex coast at Canvey Island to South Benfleet, and Wat Tyler Country Park",3,17982,1883,0,1517
051WACDV5B3,The Essex coast from Fobbing to Purfleet-on-Thames,5,14990,1015,0,505
051WACDV5B3a,The Essex coast at Coalhouse Fort,1,,,,
051WAFEF1,The upper Stour and surrounding tributaries,10,879,178,0,126
051WAFEF3,The River Stour from Sudbury to Stratford St Mary and Dedham,14,831,277,0,84
051WAFEF4,The River Colne from Great Yeldham to Colchester,7,2483,588,0,170
051WAFEF4D,"The upper River Colne and surrounding tributaries, including Great Yeldham",1,108,38,0,37
051WAFEF5,"The Rivers Pant, Blackwater and Brain",10,990,315,0,162
051WAFEF6A,The upper River Chelmer,6,214,68,0,45
051WAFEF6BC,The Rivers Wid and Can,7,3756,236,0,96
051WAFEF6D,"The lower River Chelmer, including the River Ter and brooks around Sandon",7,453,51,0,43
051WAFEF7A,The River Crouch from Noaks Bridge to Runwell,9,639,59,0,28
051WAFEF7B,"The River Roach, Prittle Brook and Eastwood Brook",7,1453,103,0,80
051WAFEF7C,The Mardyke to the River Thames at Purfleet-on-Thames,9,392,33,0,20
052FAGBURY,Groundwater flooding in Bury St Edmunds,4,169,21,0,21
052FAGFORNHAM,Groundwater flooding in Fornham St Martin,3,,,,
052FAGNEWMARKET,Groundwater flooding in Newmarket,4,464,25,0,25
052FWFABHA,"Alconbury Brook at Hamerton, Alconbury Weston, Alconbury, Little Stukeley and Brampton",10,287,157,84,241
052FWFBBBRAMPTON,Brampton Brook in Brampton,13,757,324,328,652
052FWFBBKRRA,"Bury Brook at Kings Ripton, Broughton, Wistow, Bury and Ramsey",8,152,50,67,117
052FWFBBNEWNHAM1,Low lying areas close to Bin Brook at Newnham,3,34,22,9,31
052FWFBBNEWNHAM2,Wider area at risk from Bin Brook at Newnham,3,82,25,47,72
052FWFBOBC,"Bourn Brook at Bourn, Toft and Comberton",4,48,27,14,41
052FWFCL01GIRTON,Beck Brook and Washpit Brook at Girton,5,91,23,50,73
052FWFCL02OAKWST,Oakington Brook and Beck Brook at Oakington and Westwick,3,386,136,166,302
052FWFEBSB,"Ellington Brook at Spaldwick, Easton and Ellington",2,33,8,9,17
052FWFELY,River Great Ouse at Ely,8,83,22,24,46
052FWFFLSHCL,"River Flit, River Hit and River Ivel at Shefford and Clifton",6,81,42,33,75
052FWFGRLB1,Low lying areas close to the River Granta at Linton and Babraham,3,59,37,11,48
052FWFGRLB2,Wider area at risk from the River Granta at Linton and Babraham,3,30,13,4,17
052FWFHFWFDCD,"Hundred Foot Washes east bank Flood Defences at Coveney, Littleport and Denver",5,1301,106,767,873
052FWFIVBLUNHAM,River Ivel at Blunham and Tempsford,6,48,30,9,39
052FWFIVBWLC,River Ivel at Biggleswade and Lower Caldecotte,5,59,9,15,24
052FWFIVHG,"Ash Brook, Ippollitts Brook and River Purwell at Hitchin, Ashbrook, Little Wymondley and Graveley",2,323,53,208,261
052FWFIVLANGFORD,River Ivel at Langford,4,102,61,29,90
052FWFIVSANDY,River Ivel at Sandy,5,190,69,95,164
052FWFIVSEBE,River Ivel at Seddington and Beeston,6,73,25,31,56
052FWFKEDF,"River Kennett at Dalham, Moulton and Freckenham",7,116,41,56,97
052FWFKYMKGS,"River Kym at Tilbrook, Kimbolton, Stonely and Great Staughton",11,66,36,20,56
052FWFLAFSMI,"River Lark at Fornham St. Martin, Mildenhall and Isleham",8,357,58,146,204
052FWFLASBSE,River Lark at Sicklesmere and Bury St Edmunds,10,304,33,200,233
052FWFLCCFD1,Low lying areas close to the River Cam at Chesterton and Fen Ditton,3,270,73,137,210
052FWFLCCFD2,Wider area at risk from the River Cam at Chesterton and Fen Ditton,3,1351,113,784,897
052FWFLCGCC1,Low lying areas close to the River Cam at Grantchester and Chesterton,3,108,14,41,55
052FWFLCGCC2,Wider area at risk from the River Cam at Grantchester and Chesterton,3,228,13,101,114
052FWFLCMW,River Cam at Milton and Waterbeach,2,73,26,33,59
052FWFLCSH,"River Cam at Stapleford, Great Shelford and Hauxton",4,151,22,90,112
052FWFLOESSN1,"Areas close to the River Great Ouse at Wyboston, Eaton Socon, Eynesbury, Eaton Ford, and St Neots",7,294,72,146,218
052FWFLOESSN2,"Wider area at risk from the River Great Ouse at Eaton Socon, Eynesbury, Eaton Ford, and St Neots",2,3764,683,2088,2771
052FWFLOFF,River Great Ouse and Hall Green Brook at Fenstanton and Fen Drayton,4,49,23,18,41
052FWFLOGB,River Great Ouse at Godmanchester and Brampton,1,17,8,5,13
052FWFLOGM1,Low lying areas close to the River Great Ouse at Godmanchester,4,252,61,135,196
052FWFLOGM2,Wider area at risk from the River Great Ouse at Godmanchester,4,844,206,421,627
052FWFLOHE,River Great Ouse at the Hemingfords,4,1130,526,465,991
052FWFLOHH,River Great Ouse at Huntingdon and Hartford,3,135,42,75,117
052FWFLOHS,"River Great Ouse at Holywell, Needingworth and Swavesey",3,527,115,321,436
052FWFLOLPGP,River Great Ouse at Little Paxton and Great Paxton,1,300,85,155,240
052FWFLOOE,"River Great Ouse at Over, Bluntisham and Earith",9,129,20,71,91
052FWFLOSTIVES1,Low lying areas close to the River Great Ouse at St Ives,4,119,51,33,84
052FWFLOSTIVES2,Wider area at risk from the River Great Ouse at St Ives,4,2808,868,1331,2199
052FWFLOSTIVES3,Parsons Drove at St Ives,1,375,131,159,290
052FWFLOSTO,"River Great Ouse at Southoe, Buckden and The Offords",2,168,87,37,124
052FWFLOTSS,"River Thet at Shropham, East Harling and Shadwell",3,25,3,17,20
052FWFLOTTH,"Little Ouse River and River Thet at Thetford, Brandon and Hockwold",8,314,75,163,238
052FWFLOWH,River Great Ouse at Wyton and Houghton,5,700,342,257,599
052FWFMLC01,"Middle Level Commissioner area at Pondersbridge, Turves and Upwell",9,3913,331,2470,2801
052FWFMOBB,River Great Ouse at Bromham and Biddenham,3,11,9,0,9
052FWFMOBED1,Low lying areas close to the River Great Ouse at Bedford,6,159,49,29,78
052FWFMOBED2,Area close to the River Great Ouse at Bedford,4,945,126,449,575
052FWFMOBED3,Wider area at risk from the River Great Ouse at Bedford,4,1382,177,851,1028
052FWFMOFP,"River Great Ouse at Felmersham, Sharnbrook, Bletsoe, Pavenham and Milton Ernest",3,11,6,0,6
052FWFMOGBR1,"Low lying areas close to the River Great Ouse at Renhold, Great Barford, Tempsford and Roxton",4,15,13,0,13
052FWFMOGBR2,"Wider area at risk from the River Great Ouse at Renhold, Great Barford, Tempsford and Roxton",5,93,26,40,66
052FWFMOHARROLD,River Great Ouse at Harrold,2,47,35,10,45
052FWFMOKEMP1,Low lying areas close to the River Great Ouse at Kempston,5,93,56,23,79
052FWFMOKEMP2,Wider area at risk from the River Great Ouse at Kempston,5,505,239,172,411
052FWFMONEWPAG1,Low lying areas close to the River Great Ouse and River Ouzel at Newport Pagnell,6,24,21,0,21
052FWFMONEWPAG2,Area close to the River Great Ouse and River Ouzel at Newport Pagnell,7,451,203,189,392
052FWFMONEWPAG3,Wider area at risk from the River Great Ouse and River Ouzel at Newport Pagnell,5,998,390,456,846
052FWFMOOC,River Great Ouse at Oakley and Clapham,2,339,187,92,279
052FWFMOODELL,River Great Ouse at Odell,2,26,16,6,22
052FWFMOONB,River Great Ouse at Olney and Newton Blossomville,3,,,,
052FWFMOTURVEY,River Great Ouse at Turvey,2,57,27,20,47
052FWFNANS,"River Nar at Narborough, Marham, Wormegay and Saddle Bow",2,166,40,79,119
052FWFOBFDWN,"Old Bedford Counter Drain west bank Flood Defence at Welney, Christchurch and Nordelph",13,719,124,425,549
052FWFOWFDOS,"Old West River (River Great Ouse) Flood Defences area at Over, Cottenham and Sutton",15,364,63,173,236
052FWFOZBC,River Ouzel at Bletchley and Caldecotte,3,14,11,0,11
052FWFOZCLIP1,Low lying areas close to Clipstone Brook at Leighton Buzzard,5,134,77,47,124
052FWFOZCLIP2,Wider area at risk from Clipstone Brook at Leighton Buzzard,7,862,396,360,756
052FWFOZLBB,"River Ouzel at Leighton Buzzard, Stoke Hammond and Great Brickhill",4,13,7,0,7
052FWFOZSW,"River Ouzel at Simpson, Woolstone, Middleton and Willen",4,64,26,29,55
052FWFOZWE,Water Eaton Brook at Water Eaton,5,16,2,9,11
052FWFRBRP,Riseley Brook at Riseley and Pertenhall,8,45,22,13,35
052FWFRDFDBM,"River Delph west bank Flood Defences at Benwick, Chatteris and Manea",11,792,81,473,554
052FWFRHGMH,"River Rhee at Guilden Morden, Arrington and Harston",3,,,,
052FWFTILYLD,"River Til at Yelden, Upper Dean and Lower Dean",8,77,32,36,68
052FWFTVTMC,River Tove at Towcester and Cosgrove,5,18,11,0,11
052FWFTVTOW,River Tove and Silverstone Brook at Towcester,4,120,54,39,93
052FWFUCLCW,"River Cam at Little Chesterford, Great Chesterford and Whittlesford",3,51,19,20,39
052FWFUCNL,"River Cam at Henham, Newport and Littlebury",2,111,26,56,82
052FWFUCSW,Slades at Saffron Walden,1,409,25,212,237
052FWFUCVSSW,Victoria Slade at Saffron Walden,3,70,1,55,56
052FWFUOBRACK,River Great Ouse at Brackley,3,42,14,18,32
052FWFUOBUCK1,"Low lying areas close to the River Great Ouse at Fulwell, Radclive and Buckingham",6,398,211,117,328
052FWFUOBUCK2,"Wider area at risk from the River Great Ouse at Fulwell, Radclive and Buckingham",5,223,77,94,171
052FWFUONBH,River Great Ouse at New Bradwell and Haversham,2,59,7,30,37
052FWFUOSTONY1,Low lying areas close to the River Great Ouse at Stony Stratford,6,141,75,40,115
052FWFUOSTONY2,Wider area at risk from the River Great Ouse at Stony Stratford,4,131,51,55,106
052FWFUOTP,"River Great Ouse and Padbury Brook at Thornton, Beachampton and Passenham",2,12,9,0,9
052FWFWIMH,"River Wissey at Mundford, Stoke Ferry and Hilgay",5,113,9,55,64
052FWTCSTHEACH,West Norfolk coast at Heacham,3,497,151,232,383
052FWTCSTHSF,Precautionary Evacuation Notice area at Heacham seafront,4,107,72,11,83
052FWTCSTHUNPEN,Precautionary Evacuation Notice area at Hunstanton,3,188,72,51,123
052FWTCSTSNETT,West Norfolk coast at Snettisham,3,42,22,9,31
052FWTCSTSSF,Precautionary Evacuation Notice area at Snettisham seafront,4,109,67,8,75
052FWTCST_BRKLS,Coast from north of King's Lynn to Snettisham,3,283,17,185,202
052FWTKLNKL1,King's Lynn river frontage and South Lynn,2,2415,690,1034,1724
052FWTKLNKL2,Urban area of King's Lynn,2,12195,1827,6521,8348
052FWTKLNWL,Tidal River Great Ouse at West Lynn,2,814,293,335,628
052FWTTRVWH,Tidal River Great Ouse at the Wiggenhalls,1,795,348,306,654
052FWTTRV_BRE1,Tidal River Great Ouse east bank breach at Downham Market,3,28,9,13,22
052FWTTRV_BRE2,"Tidal River Great Ouse east bank breach at Stow Bridge, Watlington and Saddlebow",3,825,68,545,613
052FWTTRV_BRW1,Wash frontage at Admiralty Point including Tidal River Great Ouse west bank breach to Eau Brink,2,3242,319,2013,2332
052FWTTRV_BRW2,"Tidal River Great Ouse west bank breach at Wiggenhall St Mary The Virgin, Tilney Fen End and Outwell",3,813,84,468,552
052FWTTRV_BRW3,"Tidal breach east of Wisbech along the A47 at West Walton, Emneth Hungate and Terrington St John",2,4127,278,2737,3015
052FWTTRV_BRW4,"Tidal River Great Ouse west bank breach at Nordelph, Barroway Drive and Stow Bridge",3,661,131,366,497
052WAFALCONBURY,Alconbury Brook in Cambridgeshire,5,702,186,0,137
052WAFBINBROOK,Bin Brook in Cambridgeshire,1,119,48,0,26
052WAFBOURN,Bourn Brook in Cambridgeshire,6,71,31,0,21
052WAFBURY,Bury Brook in Cambridgeshire,4,155,51,0,27
052WAFBWC,Middle Level of the Fens in Cambridgeshire and Norfolk,10,24325,702,0,629
052WAFCTLD,Cottenham Lode in Cambridgeshire,4,1685,223,0,184
052WAFELLINGTON,Ellington Brook in Cambridgeshire,2,44,11,0,11
052WAFELY,"Ely Ouse in Cambridgeshire, Suffolk and Norfolk",11,7378,306,0,275
052WAFGRANTA,River Granta in Essex and Cambridgeshire,3,174,64,0,53
052WAFHFW,Hundred Foot Washes in Cambridgeshire and Norfolk,5,,,,
052WAFIVEL,River Ivel in Hertfordshire and Central Bedfordshire,5,1625,333,0,188
052WAFKENNETT,River Kennett in Suffolk and Cambridgeshire,2,165,45,0,35
052WAFKYM,River Kym in Bedford Borough and Cambridgeshire,4,148,68,0,39
052WAFLARK,River Lark in Suffolk,10,1069,95,0,67
052WAFLOBE,River Great Ouse in Cambridgeshire from Brampton to Earith,7,9959,2877,0,1297
052WAFLOCAM,Lower River Cam in Cambridgeshire,2,2682,279,0,182
052WAFLOT,Little Ouse River and River Thet in Suffolk and Norfolk,7,674,110,0,73
052WAFLOWB,"River Great Ouse in Central Bedfordshire, Beds Borough and Cambridgeshire from Wyboston to Brampton",2,4596,969,0,813
052WAFLTPAXTON,B1041 between Little Paxton and St Neots in Cambridgeshire,2,,,,
052WAFMONPS,River Great Ouse in Milton Keynes and Bedford Borough from Newport Pagnell to Sharnbrook,1,1982,754,0,237
052WAFMOSR,River Great Ouse in Bedford Borough and Central Bedfordshire from Sharnbrook to Roxton,3,4912,821,0,441
052WAFNAR,River Nar in Norfolk,2,274,68,0,33
052WAFOUZEL,"River Ouzel in Central Bedfordshire, Buckinghamshire and Milton Keynes",4,2066,570,0,233
052WAFRHEE,"River Rhee in Central Bedfordshire, Hertfordshire and Cambridgeshire",2,580,18,0,18
052WAFRISELEYB,Riseley Brook in Bedford Borough,1,47,23,0,14
052WAFTOVE,River Tove in Northamptonshire,4,165,66,0,21
052WAFUOBT,"River Great Ouse in Northamptonshire, Oxfordshire and Buckinghamshire from Brackley to Thornborough",4,701,313,0,187
052WAFUOTNP,"River Great Ouse in Northants, Bucks and Milton Keynes from Thornborough to Newport Pagnell",1,412,151,0,89
052WAFUPCAM,Upper River Cam in Essex and Cambridgeshire,3,701,77,0,55
052WAFWISSEY,River Wissey in Norfolk,3,298,25,0,25
052WAFWNR,North West Norfolk Rivers,8,871,38,0,25
052WATCSTHKL,Coast from Heacham to north of King's Lynn in Norfolk,15,693,306,0,170
052WATCSTHUN,Hunstanton coast in Norfolk,1,188,72,0,35
052WATKLN,"King's Lynn, West Lynn and The Wash frontage in Norfolk",7,17058,3064,0,1353
052WATTIDALRV,Tidal River Great Ouse from Denver to south of King's Lynn in Norfolk,6,7057,903,0,792
053FAG100BUH,Groundwater flooding south of the Humber Estuary,4,153,30,0,23
053FWBPLWI39,Area at risk of river and tidal flooding in West Boston,1,7554,1422,4137,5559
053FWBPLWI40,Area at risk of river and tidal flooding in North Boston,1,3871,1038,1845,2883
053FWFBLWI19b,Breach risk to low lying land between Timberland and Billinghay,1,,,,
053FWFBLWI20b,Breach risk on the River Witham at Fiskerton and Short Ferry,1,100,39,43,82
053FWFBLWI25b,Breach risk on the River Witham and South Delph in Washingborough,1,21,0,17,17
053FWFBLWI28b,Breach risk on the River Witham from Bardney to Duckpool Catchwater,1,,,,
053FWFBLWI30b,Breach risk on the River Witham and Duckpool Catchwater between Stixwould and Woodhall Spa,1,137,10,99,109
053FWFBLWI32b,Breach risk on the River Witham and River Bain between Woodhall Spa to Tattershall,1,137,16,100,116
053FWFEWF1,Areas near the East and West Fen Catchwater and the Maud Foster Drain,6,108,32,60,92
053FWFEWF2,Wider area at risk from the East Fen Catchwater,2,891,175,500,675
053FWFEWF3,West Fen Catchwater and Stonebridge Drain,5,684,131,381,512
053FWFLOUTH1,Areas near the River Lud in Louth,8,272,146,89,235
053FWFLOUTH2,Wider area at risk from the River Lud in Louth,5,259,74,139,213
053FWFPECR01,Barrow Beck in Barrow Upon Humber,7,13,8,0,8
053FWFPECR02,Areas near to the New Cut Drain in the Wybers Wood and Willows Estate areas of Grimsby,7,408,180,185,365
053FWFPECR03,Isolated properties near the Louth Canal from Keddington to High Bridge,9,12,4,0,4
053FWFPECR04,Waithe Beck in Brigsley,6,24,8,8,16
053FWFPECR06,Areas near Stewton Beck and Greyfleet Drain from the Stewton Lane area in Louth to Saltfleet,9,176,17,123,140
053FWFPECR07,Areas near Great Eau and Long Eau from Claythorpe and North Reston to Saltfleet,1,48,21,15,36
053FWFPECR08,Areas near Woldgrift Drain from Alford to Mablethorpe,1,281,84,119,203
053FWFPECR10,Butts Drain in the Butts Road and Marsh Lane areas of Barton-on-Humber,9,222,104,88,192
053FWFPECR11,Poulton Drain in Covenham St Marys,7,,,,
053FWFPECR12,Waithe Beck in Hatcliffe,6,12,4,0,4
053FWFPECR13,Isolated properties and villages near the Louth Canal from Austen Fen to Tetney Lock,5,61,34,23,57
053FWFPECR14,Wider area at risk from the New Cut Drain in the Wybers Wood and Willows Estate areas of Grimsby,5,486,105,249,354
053FWFPECR15,Isolated properties near East Halton and Skitter Beck,5,29,15,7,22
053FWFPECR16,Areas near Stallingborough North Beck and Oldfleet Drain,1,126,44,21,65
053FWFPECR17,Areas near Buck Beck in Cleethorpes and Humberston,1,382,119,210,329
053FWFPLRA01,Isolated properties and villages near to the River Ancholme from Bishopbridge to Brigg,8,48,29,13,42
053FWFPLRA02,Wider area at risk from the River Ancholme and the Old River Ancholme in Brigg,8,754,247,346,593
053FWFPLRA03,Isolated properties and villages near to the River Ancholme from Broughton to Horkstow,4,12,7,0,7
053FWFPLRA04,Properties near the River Ancholme and Old River Ancholme,2,114,45,46,91
053FWFPLWI04,Barlings Eau in Langworth,6,108,37,53,90
053FWFPLWI05,Stainfield Beck in Stainfield,6,,,,
053FWFPLWI06,River Waring in Horncastle,7,311,136,101,237
053FWFPLWI08,River Bain near Haltham and Kirkby on Bain,7,58,38,16,54
053FWFPLWI09,River Slea and Ninefoot River in Sleaford,8,864,117,445,562
053FWFPLWI11,Heighington Beck in Heighington,6,94,30,50,80
053FWFPLWI12,River Bain in Horncastle,5,287,144,85,229
053FWFPLWI13,River Waring immediately upstream of Stanhope Road,4,,,,
053FWFPLWI14,"River Witham and River Bain near Coningsby, Tattershall and Dogdyke",5,142,46,63,109
053FWFPLWI16,Welton Beck in Welton and Dunholme,3,185,13,125,138
053FWFPLWI17,Ruskington Beck in Ruskington,2,195,93,59,152
053FWFPLWI18,Ninefoot River in Sleaford,1,62,22,25,47
053FWFPLWI19,"Low lying land between Timberland, Billinghay and Tattershall Bridge",3,178,116,38,154
053FWFPLWI20,River Witham at Fiskerton and Short Ferry,2,51,31,3,34
053FWFPLWI21,River Witham to the east of Lincoln,2,,,,
053FWFPLWI22,Branston Island,2,,,,
053FWFPLWI23,Barlings Eau and tributaries between Langworth and Bardney,3,53,8,29,37
053FWFPLWI24,Barlings Eau between Langworth and Short Ferry,2,,,,
053FWFPLWI25,River Witham and South Delph from Lincoln to Washingborough,4,88,18,25,43
053FWFPLWI26,River Witham and tributaries in the Washingborough Fen area,3,46,13,20,33
053FWFPLWI27,River Witham and tributaries in the Nocton Fen Area,3,15,3,4,7
053FWFPLWI28,River Witham from Southerly to Duckpool Catchwater,2,40,5,31,36
053FWFPLWI29,River Witham and tributaries in the Metheringham Fen area,3,52,16,22,38
053FWFPLWI30,River Witham and Duckpool Catchwater from Stixwould to Woodhall Spa,3,,,,
053FWFPLWI31,River Witham and tributaries in the Blankney Fen area,3,164,69,61,130
053FWFPLWI32,River Witham and River Bain between Woodhall Spa to Tattershall,3,18,5,8,13
053FWFPLWI33,Tributaries from Digby to Billinghay,2,26,7,10,17
053FWFPLWI34,Tributaries in the Dorrington and Ruskington Fens,2,,,,
053FWFPLWI35,"River Witham, Kyme Eau, River Slea and tributaries from Anwick to Chapel Hill",3,432,139,195,334
053FWFPLWI36,"River Witham, South Forty Foot and tributaries in the Fenlands including Boston",3,433,131,210,341
053FWFPLWI37,River Witham and tributaries from Tattershall to Boston,3,983,218,500,718
053FWFPLWI38,"Haltham Beck from Main Road, Haltham to Wood Enderby",1,,,,
053FWFPLWI41,Branston Delph North,2,,,,
053FWFPLWI42,Branston Delph South,2,23,13,6,19
053FWFPSFD01,Isolated properties and villages in the west of the South Forty Foot Drain and its tributaries,8,260,79,122,201
053FWFPSFD02,Billingborough Ousemere Lode in parts of Billingborough and Horbling,6,497,157,173,330
053FWFPSFD03,Swaton Eau in Swaton Village,6,30,26,0,26
053FWFPSFD04,Isolated properties and villages in the east of the South Forty Foot Drain,1,190,54,92,146
053FWFPSFD05,South Forty Foot Drain in Boston,1,154,66,60,126
053FWFPURA01,River Rase from Market Rasen to Bishopbridge and the River Ancholme down to Bishopbridge,9,742,175,423,598
053FWFPUWI01,Isolated properties and villages near the River Witham from South Witham to Marston,7,55,15,29,44
053FWFPUWI02,River Witham in North Witham,5,,,,
053FWFPUWI03,River Witham in Marston and Hougham,6,17,11,0,11
053FWFPUWI04,Foston Beck from Sedgebrook to the A1,6,14,7,0,7
053FWFPUWI05,Isolated properties and villages near the River Witham and River Brant from Claypole to Lincoln,6,214,49,129,178
053FWFPUWI06,Watercourses in the Lincoln area,9,8246,1208,4522,5730
053FWFPUWI07,Isolated properties and villages near the River Witham from Hougham to Claypole,1,166,45,72,117
053FWFPUWI09,Fossdyke Canal and Tributaries from Torksey to Lincoln including Saxilby,10,830,106,469,575
053FWFPUWI10,Mow Beck and Barrowby Stream in Grantham,4,288,19,0,19
053FWFPUWI11,River Witham in Grantham,6,91,33,41,74
053FWFPUWI12,Fossdyke Canal at Burton Waters,3,377,82,203,285
053FWFPUWI14,Properties within Brant Broughton near the River Brant,2,20,6,7,13
053FWFPUWI15,Wider area at risk from the River Witham in Grantham,2,852,149,499,648
053FWFSTEEP1,Isolated properties near the River Lymn and Steeping,6,27,14,5,19
053FWFSTEEP2,Great Steeping and Firsby,1,53,28,21,49
053FWFSTEEP3,Little River Lymn and Cowcroft Drain in Croft,1,17,10,0,10
053FWFSTEEP4,River Steeping in Wainfleet All Saints,1,44,25,11,36
053FWFSTEEP5,Wider area at risk around Thorpe St Peter and Wainfleet All Saints,5,972,423,343,766
053FWFSTEEP6,Wider area at risk around Croft,1,110,38,59,97
053FWGBUH1,Groundwater flooding in Barrow Upon Humber and Barton Upon Humber,6,153,30,0,30
053FWTBNHGH1,Tidal flooding of low-lying areas from New Holland to Immingham Dock,7,74,39,25,64
053FWTBNHGH2,Area at risk from the furthest extent of tidal flooding from New Holland to East Halton,6,65,33,29,62
053FWTBOS1A,Waterside properties between Town Bridge and Haven Bridge in Boston,8,77,18,35,53
053FWTBOS1B,Wider waterside properties between Grand Sluice and the Docks in Boston,4,767,239,373,612
053FWTBOS2A,Tidal flooding in the East of Boston and surrounding areas,11,7204,1488,4145,5633
053FWTBOS2C,Tidal flooding in the South of Boston and surrounding areas,5,1416,439,644,1083
053FWTBUHNH1,Tidal flooding of low-lying areas from Barton upon Humber to New Holland,11,727,278,296,574
053FWTBUHNH2,Wider area at risk of tidal flooding from Barton Upon Humber to New Holland,10,1809,492,924,1416
053FWTCLEE1,Areas near to the sea defences in Cleethorpes,9,3090,409,1887,2296
053FWTCLEE2,Wider area at risk of tidal flooding in Cleethorpes,8,1736,340,1138,1478
053FWTGRIM1,Tidal flooding in low-lying areas in Grimsby,7,126,96,13,109
053FWTGRIM2A,Wider area at risk of tidal flooding in the West of Grimsby,3,8428,606,5720,6326
053FWTGRIM2B,Wider area at risk of tidal flooding in Central Grimsby,3,7462,417,4465,4882
053FWTGRIM2C,Wider area at risk of tidal flooding in the East of Grimsby and Cleethorpes,3,9197,637,6253,6890
053FWTGRIM3,Tidal flooding in The Willows and Great Coates areas of Grimsby,3,681,163,361,524
053FWTHUMB1,Areas near to the sea defences in Humberston,6,218,72,28,100
053FWTIMM1,Tidal flooding from the Humber estuary to Immingham Dock,8,27,22,3,25
053FWTIMM2,Wider area at risk of tidal flooding from Immingham to Pyewipe,8,1674,283,925,1208
053FWTIMM3,Area at risk from the furthest extent of tidal flooding from South Killingholme to Grimsby,7,2834,828,1568,2396
053FWTLINC1A,"Tidal flooding of low-lying areas in Humberston, Tetney Lock, Tetney and North Cotes Airfield",6,417,135,162,297
053FWTLINC1B,Wider area at risk of tidal flooding from Tetney Lock to North Somercotes,8,1157,264,637,901
053FWTLINC2A,Areas near to the sea defences from Donna Nook to Saltfleet,6,78,47,22,69
053FWTLINC2B,Tidal flooding of low-lying areas from Donna Nook to Saltfleetby All Saints,7,283,103,130,233
053FWTLINC2C,Tidal flooding of low-lying areas in Theddlethorpe,5,151,82,48,130
053FWTLINC2D,Area at risk from the furthest extent of tidal flooding from North Somercotes to Bilsby,6,1180,285,605,890
053FWTLINC3A,Area near to the sea defences in Mablethorpe,5,786,345,246,591
053FWTLINC3B,"Area near to the sea defences in Trusthorpe, Sutton on Sea and Huttoft Bank",7,451,233,108,341
053FWTLINC3C,"Tidal flooding of low-lying areas in Mablethorpe, Trusthorpe and Sutton on Sea",6,4507,1969,1491,3460
053FWTLINC3D,Wider area at risk of tidal flooding between Theddlethorpe and Huttoft,3,1929,754,787,1541
053FWTLINC4A,Area near to the sea defences in Anderby Creek and Chapel St Leonards,7,337,194,62,256
053FWTLINC4B,Tidal flooding of low lying areas in Chapel St Leonards and Hogsthorpe,7,2331,799,949,1748
053FWTLINC4C,"Wider area at risk of tidal flooding in Anderby, Thurlby, Mumby, Cumberworth, Helsey and Listoft",6,420,106,223,329
053FWTLINC4D,Area at risk from the furthest extent of tidal flooding between Bilsby and Thorpe St Peter,3,1289,288,661,949
053FWTLINC5A,Area near to the sea defences in Ingoldmells,5,93,44,22,66
053FWTLINC5B,Area near to the sea defences in Skegness and low lying areas near Gibraltar Point,6,1580,391,789,1180
053FWTLINC5C,Tidal flooding of low lying areas in Ingoldmells and Addlethorpe,6,1102,275,497,772
053FWTLINC5D,Tidal flooding of low lying areas in Skegness,6,9547,1635,5326,6961
053FWTWASH1A,Area near the Wash Frontage from Gibraltar Point to Freiston Shore,9,70,23,35,58
053FWTWASH1B,Area near the Wash Frontage from Wyberton Marsh to Kirton Marsh,3,37,14,16,30
053FWTWASH2A,"Wash Frontage from Gibraltar Point to Freiston, including low lying areas near Old Leake",6,2522,414,1459,1873
053FWTWASH2B,"Tidal flooding in areas to the North of Boston, including Frithville and Boston Long Hedges",3,353,60,191,251
053FWTWASH2C,"Tidal flooding in areas to the south of Boston, including Wyberton and Frampton",3,2893,512,1524,2036
053FWTWASH3A,Area at risk from the furthest extent of tidal flooding from Wainfleet All Saints to Langrick,5,6204,1366,3332,4698
053FWTWASH3B,Area at risk from the furthest extent of tidal flooding from Holland Fen to Northgate,2,11068,1095,6256,7351
053FWTWINT1,Tidal flooding of low-lying areas in Whitton and Winteringham,8,15,11,0,11
053FWTWINT2,"Wider area at risk of tidal flooding in Whitton, Winteringham and to the East of Winterton",8,91,41,39,80
053FWTWINT3,Tidal flooding of low-lying areas in South Ferriby,2,143,98,25,123
053WAF100RUA,Rase and Upper Ancholme,8,839,182,0,54
053WAF101TLA,Lower River Ancholme,10,1309,383,0,160
053WAF102THT,Humber tributaries,6,2196,634,0,268
053WAF103LCW,Louth Canal and Waithe Beck,9,751,298,0,174
053WAF104ECT,Lincolnshire East Coast Rivers,8,1576,457,0,288
053WAF105TRS,River Steeping,12,1444,608,0,570
053WAF108WSK,Witham in South Kesteven,10,1417,271,0,189
053WAF109WNK,Witham in North Kesteven,9,457,76,0,48
053WAF112FCT,Fossdyke Canal,11,1831,215,0,155
053WAF113LWA,Lincoln Watercourses,11,10361,1265,0,576
053WAF114TRT,The River Till,1,18,6,0,3
053WAF116TLW,Lower River Witham,13,14327,3325,0,2193
053WAF117BED,Barlings Eau and Duckpool Catchwater,11,774,135,0,104
053WAF118TBC,Bain catchment,10,1020,432,0,239
053WAF119MNK,Minor Watercourses from Heighington to Dunston,9,123,40,0,27
053WAF120SLE,Tributaries of the lower River Witham from Blankney to Sleaford,4,1940,438,0,345
053WAF122SFF,Minor watercourses of the South Forty Foot Drain,13,460,150,0,106
053WAF123SFF,Wider area of the South Forty Foot Drain,9,12080,1731,0,1292
053WAF124EWF,East and West Fens,9,2041,426,0,360
053WAT600SF,Far extent of tidal flooding in South Ferriby,2,,,,
053WAT600SHB,Far extent of Tidal flooding on the South Humber Bank,15,6590,1841,0,644
053WAT600SHBa,Tidal flooding near the South Humber Bank from Barton Upon Humber to Humberston,9,30832,2857,0,1838
053WAT600SHBb,Tidal flooding near the South Humber Bank from Whitton to South Ferriby,1,158,109,0,81
053WAT601TLC,Far extent of tidal flooding from the Lincolnshire coastline,10,5958,1692,0,1113
053WAT601TLCa,Tidal flooding of areas near the Lincolnshire coastline,4,21591,6241,0,3555
054FWCDV2A1,"The north Norfolk coast from Old Hunstanton to Staithe Lane, including Holme-next-the-Sea",8,107,54,26,80
054FWCDV2A10,The north Norfolk coast at Blakeney,7,71,32,7,39
054FWCDV2A11,The north Norfolk coast at Cley-next-the-Sea,7,213,143,48,191
054FWCDV2A12,The north Norfolk coast at Salthouse and east Cley,9,67,41,21,62
054FWCDV2A13,The north Norfolk coast at Wells-next-the-Sea,8,343,175,86,261
054FWCDV2A2,The north Norfolk coast at Thornham,6,19,6,4,10
054FWCDV2A3,The north Norfolk coast at Brancaster,6,31,18,8,26
054FWCDV2A4,The north Norfolk coast at Brancaster Staithe,6,24,19,0,19
054FWCDV2A5,The north Norfolk coast at Burnham,6,69,44,14,58
054FWCDV2A6,The north Norfolk coast from Burnham Overy Staithe and Holkham,9,54,38,9,47
054FWCDV2A7,The north Norfolk coast at Wells Quay,6,127,60,32,92
054FWCDV2A8,The north Norfolk coast at Stiffkey,5,37,20,10,30
054FWCDV2A9,The north Norfolk coast at Morston,6,28,16,4,20
054FWCDV2B,"The Norfolk coast from Eccles on Sea, to and including, Winterton-on-Sea",9,890,604,180,784
054FWCDV2B1,"The Norfolk coast from Bacton to Ostend, including Walcott",9,487,160,203,363
054FWCDV3A1,"The west bank of the River Yare at Great Yarmouth, including Southtown and Cobholm",12,3320,1652,1157,2809
054FWCDV3A2,"The east banks of the Rivers Yare and Bure at Great Yarmouth, including North Quay, Newtown and Bure",10,3324,1614,1164,2778
054FWCDV3A3,"The west bank of the River Yare at Great Yarmouth, from Gorleston to Ferry Hill",9,506,218,176,394
054FWCDV3A4,"The east bank of the River Yare at Great Yarmouth, from South Denes to South Quay",10,1169,600,407,1007
054FWCDV3A5,"The Rivers Yare and Bure from Runham Vauxhall to Scare Gap, including Vauxhall Holiday Park",7,143,76,45,121
054FWCDV3A6,The seafront at Great Yarmouth,5,315,45,172,217
054FWCDV3A7,"South Caister from West Road to Freemantle Road, including North Denes",2,1078,532,366,898
054FWCDV3B1,Lowestoft seafront and docks,7,109,61,20,81
054FWCDV3B10,Minsmere Marshes on the Suffolk coast,5,27,11,8,19
054FWCDV3B11,Thorpeness and Aldeburgh,6,808,414,188,602
054FWCDV3B12,Snape and Iken,7,134,75,34,109
054FWCDV3B13,The Suffolk coast from Orford Ness to Bawdsey,6,158,93,44,137
054FWCDV3B2,"The north bank of Lake Lothing, from Mutford Bridge to Bascule Bridge",7,673,216,259,475
054FWCDV3B3,The south bank of Lake Lothing,8,87,19,29,48
054FWCDV3B4,Oulton Broad near Mutford Lock,6,41,28,7,35
054FWCDV3B5,The Lowestoft Riverside Business Park and Kirkley,7,1303,585,458,1043
054FWCDV3B6,Kessingland Beach to Potters Bridge and Easton Broad,7,37,31,0,31
054FWCDV3B7,The Suffolk coast at Walberswick and Dunwich,7,87,51,18,69
054FWCDV3B8,The tidal River Wang,5,,,,
054FWCDV3B9,The A12 at Blythburgh,6,15,12,0,12
054FWCDV3C1,The Suffolk coast at Southwold,9,274,133,83,216
054FWCDV4A1,Bawdsey Quay and Felixstowe Ferry,7,35,23,2,25
054FWCDV4A2,Isolated riverside properties on the tidal River Deben estuary,10,75,38,8,46
054FWCDV4A3,"The tidal River Deben estuary, from Felixstowe Ferry Hamlet to Ufford",9,79,55,11,66
054FWCDV4A4,Woodbridge and Melton,9,697,200,252,452
054FWCDV4B1,"The Suffolk coast at Felixstowe, from the Pier to the Port",10,1417,462,647,1109
054FWCDV4B2,The tidal River Orwell estuary from Felixstowe to the Ipswich Tidal Barrier,11,124,43,36,79
054FWCDV4B3a,The tidal River Orwell at Cliff Quay industrial area in Ipswich,7,,,,
054FWCDV4B3b,The west bank of the River Orwell through Ipswich,7,1411,136,825,961
054FWCDV4B3c,"The west bank of the tidal River Orwell along Wherstead Road, Ipswich",1,318,37,212,249
054FWCDV4B4,"The east bank of the tidal River Orwell through Ipswich, from the wet dock to the Horseshoe Sluice",13,2536,175,1215,1390
054FWCDV4B5,"The north and south banks of the Stour estuary, from Shotley Gate, to and including Brantham",10,82,45,28,73
054FWCDV4B8,The River Stour upstream of Cattawade Barrage to Dedham,11,48,14,13,27
054FWFNF1A,The River Mun at Mundesley,7,77,23,26,49
054FWFNF1B,The River Glaven through Letheringsett,8,47,14,17,31
054FWFNF1C,"The River Stiffkey from Little Walsingham, to and including Warham",6,18,2,11,13
054FWFNF1D,The River Burn from South Creake to Burnham Norton,11,197,70,59,129
054FWFNF2B,"The River Bure from Corpusty to Brampton, including Aylsham",8,147,51,62,113
054FWFNF2C,The River Bure from Brampton to Wroxham,7,114,42,49,91
054FWFNF2D,The Spixworth Beck,7,,,,
054FWFNF3A,The River Tas through Stoke Holy Cross,10,,,,
054FWFNF3B,"The River Tiffey, from Wymondham to Barford",7,12,8,0,8
054FWFNF3C,The River Yare from Barnham Broom to the A11 at Cringleford,9,51,18,29,47
054FWFNF3D,The River Yare from the A11 at Cringleford to Trowse Newton,8,129,50,59,109
054FWFNF4A,"The River Wensum, from Fakenham to Swanton Morley",8,45,20,16,36
054FWFNF4B,"The Wendling Beck, from Dereham to Worthing",7,32,24,0,24
054FWFNF4C,The River Wensum from Swanton Morley to Costessey,8,190,58,91,149
054FWFNF4D,The River Tud from East Dereham to New Costessey,8,16,2,5,7
054FWFNF5A,"Riverside properties on the River Wensum, through Norwich",6,1534,131,888,1019
054FWFNF5B,"The River Wensum, through Norwich",4,3427,171,1928,2099
054FWFSF1A,The River Waveney from Diss to Bungay,9,165,62,64,126
054FWFSF1B,The River Waveney from Bungay to Ellingham,10,269,87,105,192
054FWFSF2A,The Wrentham watercourse at Wrentham,8,35,19,7,26
054FWFSF2B,The Chediston watercourse at Halesworth,10,114,41,38,79
054FWFSF2C,The Blyth and Walpole Rivers and the Bramfield watercourse,10,27,21,0,21
054FWFSF3A,"The Rivers Minsmere and Yox, from Sibton and Peasenhall to the Minsmere Levels",11,133,9,93,102
054FWFSF3B,The Thorpeness Hundred River from Knodishall to Aldringham,9,16,12,0,12
054FWFSF3C,The River Ore from Framlingham to Blaxhall,9,260,70,106,176
054FWFSF4A,"The River Deben, from Debenham to Cretingham",10,172,95,52,147
054FWFSF4B,The River Deben from downstream of Cretingham to Ufford,8,107,53,27,80
054FWFSF4C,The River Lark from Clopton to Martlesham,10,72,25,34,59
054FWFSF4D,The Rattlesden River from Rattlesden to Combs Ford in Stowmarket,12,67,10,37,47
054FWFSF4E,The River Gipping from the A14 at Stowmarket to upstream of Needham Market,12,439,69,254,323
054FWFSF4F,The River Gipping through Needham Market,9,187,53,71,124
054FWFSF4G,"The River Gipping from Needham Market to London Road Bridge, Ipswich",10,211,41,129,170
054FWFSF5A,The River Box from Boxford to Thorrington Street,8,98,20,64,84
054FWFSF5B,The River Brett from Lavenham to Higham,8,147,45,48,93
054FWTBT1A,The tidal River Bure from Scare Gap to Acle Bridge,6,212,54,107,161
054FWTBT1B,The tidal River Bure from Acle Bridge to Hoveton,6,681,250,249,499
054FWTBT1C,Riverside properties on the River Thurne including Hickling Broad,6,298,110,61,171
054FWTBT1D,The River Ant from the A1062 at Horning to Wayford Bridge,8,147,28,88,116
054FWTBT1E,"Outlying villages on the Bure, Ant and Thurne",6,1437,301,788,1089
054FWTBT1F,Trinity Broads from Billockby to Hemsby,6,138,11,97,108
054FWTBT2A,"Riverside properties along the tidal River Yare including Cantley, Brundall and Reedham",7,650,191,303,494
054FWTBT2B,The tidal River Yare from Thorpe St Andrew to Loddon,5,39,9,25,34
054FWTBT3A,The tidal River Waveney from Ellingham Marshes to Belton,4,550,78,334,412
054FWTBT3B,Isolated low lying properties along the tidal River Waveney,3,269,84,118,202
054WACDV2A,"The north Norfolk coast from Old Hunstanton, to and including Cley",9,1130,628,0,190
054WACDV2A12,"The north Norfolk coast from East Cley to Kelling Hard, including Salthouse",4,67,41,0,25
054WACDV2B,"The Norfolk coast from Eccles on Sea, to and including, Winterton-on-Sea",7,914,611,0,99
054WACDV2B1,"The Norfolk coast from Bacton to Ostend, including Walcott",4,487,160,0,124
054WACDV3A,"The Norfolk coast from Caister to Gorleston, including Great Yarmouth",10,9860,4736,0,920
054WACDV3B,The Suffolk coast from Lowestoft to Bawdsey,13,3508,1603,0,410
054WACDV3C,The Suffolk coast at Southwold,10,274,133,0,45
054WACDV4A,The tidal Deben estuary,12,887,315,0,132
054WACDV4B,The Suffolk and Essex coast from Felixstowe to Clacton including Orwell and Stour estuaries,13,9598,2637,0,633
054WAFNF1A,The River Mun at Mundesley,8,84,23,0,6
054WAFNF1B,"The River Glaven through Hunworth, Thornage and Letheringsett",6,60,16,0,7
054WAFNF1C,The River Stiffkey from Fulmodeston to Warham,6,41,3,0,1
054WAFNF1D,The River Burn from Southgate and Waterden to Burnham Norton,10,200,70,0,31
054WAFNF2,"The River Bure, Spixworth Beck and surrounding Becks",8,442,101,0,24
054WAFNF3,"The upper Rivers Yare, Tiffey, Tas and Wacton",8,318,57,0,39
054WAFNF3D,"The River Yare at Norwich, from Cringleford to Trowse Newton",7,138,52,0,26
054WAFNF4A,"The River Wensum upstream of Hempton, including the River Tat",6,95,6,0,6
054WAFNF4B,"The Rivers Tud and Wensum from Fakenham to Costessey, including Wendling Beck",7,432,111,0,48
054WAFNF5,The River Wensum from New Costessey to Thorpe Bridge at Norwich,6,4945,300,0,156
054WAFSF1,"The River Waveney from Diss and the River Dove to Ellingham, including Bungay",8,892,225,0,156
054WAFSF2,"The Rivers Blyth and Walpole and Chediston, Bramfield and Wrentham watercourses",8,384,134,0,83
054WAFSF3A,"The Rivers Minsmere and Yox, from Peasenhall and Sibton to the Minsmere Levels",8,172,14,0,11
054WAFSF3BC,The Thorpeness Hundred River and the River Ore,9,319,92,0,53
054WAFSF4AC,The Rivers Deben and Lark,8,476,213,0,121
054WAFSF4DE,"The Rattlesden River and River Gipping, through and including Stowmarket and Needham Market",11,924,155,0,126
054WAFSF4FG,"The River Gipping, from downstream of Needham Market, to upstream of London Road Bridge, Ipswich",12,284,56,0,41
054WAFSF5,The Rivers Box and Brett,7,336,76,0,41
054WATBT1,"The tidal Rivers Bure, Ant and Thurne",7,2923,755,0,384
054WATBT2,The tidal River Yare from Thorpe St Andrew to Breydon Water,10,882,206,0,146
054WATBT3,The tidal River Waveney from Ellingham to Breydon Water,13,861,164,0,95
055FWFEWGL01,River East Glen in the East Glen Valley,6,12,8,0,8
055FWFEWGL02,River West Glen including Corby Glen and Creeton,1,18,7,3,10
055FWFEWGL03,River Tham in Castle Bytham and Little Bytham,1,19,9,7,16
055FWFGBES01,River Glen at Greatford,9,98,43,39,82
055FWFGBES02,Bourne Eau in Bourne,4,83,7,0,7
055FWFGBES03,River Glen at Kates Bridge,2,11,5,0,5
055FWFLWEL01,River Welland in Market Deeping,3,24,13,4,17
055FWFLWEL02,River Welland in Deeping St James,2,119,100,11,111
055FWFLWEL03,Maxey Cut near Lolham and Maxey,2,15,5,3,8
055FWFPISE01,River Ise in Clipston,7,15,8,0,8
055FWFPISE02,River Ise in Geddington,4,29,12,8,20
055FWFPISE03,Slade Brook in the Venture Park area of Kettering,6,189,92,66,158
055FWFPLGL02,River Glen at Surfleet Reservoir during high tide periods,7,37,33,0,33
055FWFPLNE01,Areas near the River Nene in Peterborough and surrounding villages,7,461,71,281,352
055FWFPLNE02,Wider area at risk from the River Nene in Peterborough,7,733,169,284,453
055FWFPLNE04,River Nene in the Yarwell Headland and West Delph areas of Whittlesey,11,220,89,97,186
055FWFPMNE01,Isolated properties near the River Nene from Cogenhoe to Great Doddington,6,36,19,8,27
055FWFPMNE03,River Nene in Wellingborough,5,20,7,9,16
055FWFPMNE05,Isolated properties and villages near the River Nene from Wellingborough to Thrapston,4,41,20,5,25
055FWFPMNE06,River Nene at Thrapston,5,287,93,124,217
055FWFPMNE07,Areas near the River Nene from Thorpe Waterville to Eaglethorpe,4,81,32,35,67
055FWFPMNE08,Areas near the River Nene from Elton to Wansford,3,272,123,82,205
055FWFPMNE09,Cogenhoe Mill Caravan Site,3,,,,
055FWFPNBR01,"North Bank Road alongside the River Nene, east of Peterborough and west of Dog-in-a-Doublet Sluice",6,,,,
055FWFPNNE06,Areas near the Dallington Brook and Brampton Branch in Northampton,9,407,46,258,304
055FWFPNTR01,"Grendon Brook catchment including Yardley Hastings, Denton, Bozeat, Easton Maudit and Grendon",9,130,61,42,103
055FWFPNTR02,Willow Brook in Weldon and Kings Cliffe,7,45,33,5,38
055FWFPNTR03,Harpers Brook in Brigstock and Sudborough,8,68,36,18,54
055FWFPNTR04,Barnwell Brook in Barnwell,1,26,7,10,17
055FWFPNTR07,Willow Brook in Corby,1,79,3,0,3
055FWFPT2W01,B1040 Thorney to Whittlesey Road to the South of the River Nene,7,,,,
055FWFPUNE01,Isolated properties and mills near the upper River Nene,11,12,8,0,8
055FWFPUNE02,River Nene in Kislingbury,6,85,50,26,76
055FWFPUNE03,River Nene in Weedon,7,386,79,225,304
055FWFPUNE04,"Areas near the Wootton Brook in the Collingtree, Merefield and Shelfleys parts of Northampton",10,83,49,25,74
055FWFPUNE05,"River Nene and tributaries in Northampton, including low-lying areas adjacent to the river",8,3617,794,1866,2660
055FWFPUNE06,River Nene upstream of the Northampton Washlands and properties near the Old River Nene in Abington,3,85,13,27,40
055FWFPUNE07,River Nene at Billing Aquadrome and nearby business parks,7,56,36,12,48
055FWFPUNE08,Wootton Brook in Preston Deanery and Horton,1,,,,
055FWFPUNE09,Bugbrooke and Nether Heyford including areas near the upper River Nene,1,87,46,29,75
055FWFPUWE04,Eye Brook in Caldecott,6,14,4,2,6
055FWFUWEL01,River Welland in Market Harborough,4,415,54,203,257
055FWFUWEL03,River Jordan in Braybrooke and Little Bowden,5,170,35,105,140
055FWFUWEL05,River Welland and tributaries in Welham,4,18,15,0,15
055FWFUWEL06,River Welland in Harringworth,5,,,,
055FWFUWEL07,River Welland in Stamford,5,175,66,62,128
055FWFWELT01,Medbourne Brook in Medbourne,4,49,14,22,36
055FWFWELT02,Great Easton Brook in Great Easton,3,42,6,27,33
055FWFWELT03,River Chater in Ketton,4,,,,
055FWFWELT04,River Gwash in Oakham,5,56,2,47,49
055FWFWELT05,River Gwash in Ryhall and Newstead,4,34,4,21,25
055FWFWELT06,Peterborough Brooks,6,1883,61,0,61
055FWTNENE1A,Tidal River Nene in Sutton Bridge,9,2044,444,1064,1508
055FWTNENE1B,Tidal River Nene in Wisbech,4,4449,912,2453,3365
055FWTNENE2A,Tidal River Nene from Dog-in-a-Doublet Sluice to Wisbech,8,2372,397,1215,1612
055FWTNENE2B,Wash Frontage and the left bank of the Tidal River Nene from Wisbech to Holbeach St Matthew,3,1217,247,625,872
055FWTNENE2C,Wash Frontage and the right bank of the Tidal Nene from Walton Dam to Admiralty Point,4,325,70,187,257
055FWTNENE3A,Long Sutton to Newborough and surrounding areas,5,10316,714,6443,7157
055FWTNENE3B,"Holbeach, Fleet, Gedney and surrounding areas",2,8343,429,5182,5611
055FWTWELL1,Tidal Welland between Fulney and Fosdyke Bridge,8,224,63,90,153
055FWTWELL2,"Tidal flooding from the Left Bank of the River Welland, including Surfleet Seas End and Fosdyke",2,461,126,197,323
055FWTWELL3,Tidal flooding from the Right Bank of the River Welland near Spalding and Moulton Common,2,420,54,250,304
055FWTWELL4A,Pinchbeck and the West of Spalding,2,13498,931,8667,9598
055FWTWELL4B,East of Spalding and surrounding areas,3,12829,959,8097,9056
055WAF127TUN,Upper Nene,10,4902,1140,0,573
055WAF129TMN,Middle Nene,11,797,297,0,215
055WAF130IAB,River Ise and Alledge Brook,10,858,169,0,119
055WAF131TLN,Lower Nene,11,3212,389,0,227
055WAF132HWB,Harpers Brook and Willow Brook,10,1037,86,0,58
055WAF133MTN,Minor Tributaries of the Nene in Northamptonshire,9,598,89,0,52
055WAF134TWV,Welland Valley,10,881,181,0,78
055WAF135TLW,Lower Welland,10,19727,1462,0,1221
055WAF136TWT,Welland tributaries,10,322,45,0,26
055WAF137PB,Welland Tributaries Peterborough Brooks,2,2024,64,0,61
055WAF138EWG,East and West Glens,8,93,28,0,20
055WAF139GBE,Lower Glen and Bourne Eau System,10,3195,427,0,359
055WAT602WTE,Far extent of Tidal Flooding from the Wash and Tidal Estuaries,9,69007,6663,0,5388
055WAT602WTEa,Tidal flooding of areas near the Wash Frontage in Lincolnshire,4,107,37,0,29
055WAT602WTEb,"Areas near the tidal River Welland, tidal River Nene, and the Wash",2,8632,2018,0,985
055WAT602WTEc,Tidal flooding of areas near the Witham Haven between Skirbeck and Hobhole Drain,3,8620,1926,0,1215
055WAT602WTEd,Tidal flooding of areas near the Witham Haven in Boston,3,11411,2455,0,1577
061FAG21IlsComp,"Groundwater flooding in West Ilsley, East Ilsley, Compton, Chilton and West Hagbourne",5,115,15,0,15
061FAG22AldbnVal,Groundwater flooding in the Upper Aldbourne Valley,4,34,4,0,4
061FAG22GtSheff,Groundwater flooding in the Great Shefford area,1,49,27,0,25
061FAG22LamVal,Groundwater flooding in the Lambourn Valley catchment,5,67,11,0,10
061FAG22Leckham,Groundwater flooding in the Leckhampstead area,1,,,,
061FAG22OgVal,Groundwater flooding in the Upper Og Valley,3,,,,
061FAG23Egham,Groundwater flooding in Egham,2,1385,862,0,289
061FAG23HenAssen,Groundwater flooding in the Henley and Assendon area,5,49,0,0,0
061FAG23Mdnhead,Groundwater flooding in East Maidenhead,3,1280,453,0,203
061FAG24Basing,Groundwater flooding in the Basingstoke and Buckskin areas,7,1384,34,0,34
061FAG24Crondall,Groundwater flooding in the Crondall area,3,157,58,0,54
061FAG24SherbStJ,Groundwater flooding in the Sherborne St John area,1,55,2,0,2
061FAG25RagHuh,Groundwater flooding in the High Wycombe area,3,15,1,0,1
061FAG30Alton,Groundwater flooding in the Alton area,5,761,35,0,25
061FAG30Godalmg,"Groundwater flooding in Godalming, Shackleford and Hambledon areas",4,2124,103,0,60
061FAG30Haslemre,Groundwater flooding in the Haslemere and Churt areas,3,250,2,0,2
061FWB23DitIslnd,River Thames at Thames Ditton Island,4,49,47,0,47
061FWB23Trowlock,River Thames at Trowlock Island,4,31,30,0,30
061FWF02Cirncstr,River Churn from Baunton to Siddington including Cirencester,3,1205,391,566,957
061FWF02CrnyWick,River Churn at Cerney Wick,3,169,13,53,66
061FWF02SCerney,River Churn at South Cerney,3,53,24,21,45
061FWF03RayRurl,River Ray from near the B4553 Purton Road to above Water Eaton,6,62,5,49,54
061FWF03SwdnRay,River Ray from the A3102 road to and including the sewage works,6,76,19,24,43
061FWF03Swnbrn,"River Swin Bourne in the Even Swindon, West Kingshill and Westleaze areas in Swindon",9,43,15,21,36
061FWF04ACrucis,Ampney Brook from Ampney Crucis to Sheeppen Bridge,2,,,,
061FWF06Bibury,River Coln from Fossebridge to Quennington,2,,,,
061FWF06Fairford,River Coln at Fairford,3,183,133,36,169
061FWF06Whelford,River Coln for Cotswold Water Park and Whelford,3,198,22,49,71
061FWF07ColeRurl,River Cole from A419 and A420 roads in Swindon to above Upper Inglesham,7,18,14,0,14
061FWF07DorcanBk,"Dorcan Brook in the Dorcan, Eldene and Coate areas in Swindon",7,889,331,459,790
061FWF07SthMrstn,South Marston Brook at South Marston,1,60,11,40,51
061FWF07SwdnCole,River Cole for the Covingham and Lower Stratton areas in Swindon,5,417,142,201,343
061FWF08Leach,River Leach from just below Southrop to Mill Lane near Lechlade,3,12,5,0,5
061FWF10Asthall,"River Windrush at Asthall, Minster Lovell and Crawley",6,,,,
061FWF10Bourton,River Windrush at Bourton on the Water,7,321,57,159,216
061FWF10Dikler,River Dikler between Stow on the Wold and Bourton on the Water,6,23,8,6,14
061FWF10Rackend,River Windrush at Rack End and Standlake including Northmoor and Newbridge,7,206,72,75,147
061FWF10Witney,River Windrush at Witney and Ducklington,10,1406,291,738,1029
061FWF12Cassngtn,River Evenlode at Eynsham Mill down to and including Cassington Mill near Cassington,6,27,4,5,9
061FWF12Glyme,River Glyme at Woodstock,4,,,,
061FWF12Moreton,River Evenlode at Moreton in Marsh,5,340,89,160,249
061FWF12ShipAsct,"River Evenlode at Milton under Wychwood, Shipton under Wychwood and Ascott under Wychwood",8,116,50,44,94
061FWF14BanFAS,River Cherwell at Banbury,4,459,75,224,299
061FWF14Bicester,The Bure and Back Brook at Bicester,1,270,18,156,174
061FWF14CherOxfd,River Cherwell for the Oxford area,4,131,26,67,93
061FWF14GrimFAS,Grimsbury area benefiting from Moorfield Brook pumping station,8,625,75,422,497
061FWF14Islip,River Ray for Islip,3,38,17,14,31
061FWF14KIDFAS,Area of Kidlington benefiting from the Flood Alleviation scheme,6,436,170,217,387
061FWF14KSutton,River Cherwell from below Banbury to just above Upper Heyford,4,124,32,52,84
061FWF14LHeyford,River Cherwell from Lower Heyford down to Cherwell Bridge,5,109,38,45,83
061FWF14LangfdBk,Langford Village and other areas of Bicester on the Langford Brook,3,295,25,161,186
061FWF14Murcott,River Ray from the Heath Bridge area to and including the Otmoor Basin,2,35,12,14,26
061FWF14SorBlox,Sor Brook at Bodicote and Adderbury and The Bloxham Brook,3,75,20,38,58
061FWF14WendleBk,Wendlebury village on the Wendlebury Brook,3,81,38,39,77
061FWF14WfrdHlse,River Cherwell from Charwelton to above Banbury,3,39,9,17,26
061FWF17AbgdnOck,River Ock at Abingdon and Caldecott,7,1724,418,987,1405
061FWF17Letcombe,Letcombe Brook at Letcombe Bassett and Letcombe Regis,5,32,4,25,29
061FWF17Stanford,"River Ock at Longcot, Stanford in the Vale, Charney Bassett, Lyford and Garford",8,57,21,26,47
061FWF17WntgGrve,"Letcombe Brook at Wantage, Grove and East Hanney",7,477,102,279,381
061FWF17XAbngOck,Properties closest to the River Ock from Tesco to St. Helen's Wharf,5,276,150,88,238
061FWF19Aylesbry,"Bear Brook and tributaries, from Broughton to Haydon Mill Farm in Coldharbour, Aylesbury",9,2066,156,1245,1401
061FWF19Chlgrove,Chalgrove Brook at Chalgrove and Stadhampton,4,142,36,71,107
061FWF19Dorchstr,River Thame at Dorchester,6,54,19,20,39
061FWF19DraytnSL,River Thame from Chiselhampton to Drayton St Leonard,6,17,4,11,15
061FWF19PRisbrgh,Horsenden Stream at Princes Risborough,2,103,5,63,68
061FWF19Rowsham,River Thame from Long Marston to North Aylesbury,10,107,17,77,94
061FWF19Sthcourt,"Bear Brook and tributaries, from Walton Court in the Ellen Road area down to St Marys School",10,1091,77,827,904
061FWF19Thame,River Thame from North Aylesbury to Chiselhampton,7,184,14,114,128
061FWF19WestnTvl,Bear Brook and tributaries at Wendover and Weston Turville,9,212,26,129,155
061FWF21Buklebry,River Pang at Bucklebury,4,25,16,0,16
061FWF21FrSDBrad,"River Pang for Frilsham, Stanford Dingley and Bradfield",4,39,21,11,32
061FWF21Pangbrne,River Pang at Pangbourne,5,132,74,32,106
061FWF21SlPngFAS,"Briars Close, Pangbourne benefiting from the Flood Alleviation Scheme",6,33,27,0,27
061FWF21Sulham,Sulham Brook for Sulham,4,15,11,0,11
061FWF21SulmPang,Sulham Brook at Pangbourne,4,178,110,48,158
061FWF21Theale,Sulham Brook for Theale,3,14,8,0,8
061FWF21Tidmarsh,River Pang at Tidmarsh,5,,,,
061FWF22Denford,River Kennet from Denford down to Marsh Benham,4,28,6,19,25
061FWF22Enborne,River Enborne from Gore End down to Aldermaston,4,32,3,22,25
061FWF22FoudryBk,Foudry Brook from Stratfield Mortimer to Green Park,6,296,20,144,164
061FWF22Hungerfd,River Kennet and its tributaries at Hungerford,5,54,2,32,34
061FWF22LowLamb,River Lambourn from Donnington to Newbury,6,819,107,484,591
061FWF22LowerOg,River Og at Southend and Ogbourne St. Andrew,4,,,,
061FWF22Marlboro,River Kennet at Marlborough,4,325,114,142,256
061FWF22MidLamb,River Lambourn from Weston to Bagnor including Boxford,3,17,11,0,11
061FWF22Newbury,River Kennet at Newbury,6,2723,313,1563,1876
061FWF22Ramsbury,River Kennet from Mildenhall to just above Hungerford,4,18,6,9,15
061FWF22Thatcham,River Kennet for Thatcham and Colthrop,5,370,68,204,272
061FWF22ThealRdg,River Kennet from Theale down to Reading,9,1724,154,797,951
061FWF22UpLamGSh,River Lambourn from Upper Lambourn to Great Shefford,7,77,37,34,71
061FWF22WMonkton,River Kennet from Berwick Bassett to Fyfield,4,,,,
061FWF22XThlRdg,"Properties closest to the River Kennet at the Burghfield, Southcote, Coley and Holybrook areas",6,53,17,22,39
061FWF23Abingdon,River Thames in Abingdon,7,542,154,305,459
061FWF23BnsyOsny,"River Thames and tributaries in the Binsey, Osney and Osney Island areas in Oxford",10,787,497,201,698
061FWF23BrneEnd,River Thames at Bourne End,8,521,316,165,481
061FWF23Buscot,River Thames from Buscot Wick down to Shifford,4,121,80,24,104
061FWF23CalcLech,River Thames from Calcutt to Lechlade including Hannington Wick,2,262,89,124,213
061FWF23CartBamp,Shill Brook at Carterton and Bampton,5,131,61,44,105
061FWF23Chertsey,River Thames at Chertsey,7,949,480,359,839
061FWF23ClfntoWt,"River Thames at Clifton Hampden, Dorchester and Little Wittenham",7,45,21,11,32
061FWF23Clnfld,Clanfield Brook for Clanfield Village,5,30,23,0,23
061FWF23Cookham,River Thames at Cookham,7,462,207,182,389
061FWF23Culham,River Thames at Culham,5,50,34,7,41
061FWF23Datchet,River Thames at Datchet,8,2079,988,840,1828
061FWF23Ewen,River Thames at Ewen,2,,,,
061FWF23EwlmBens,Ewelme Stream at Ewelme and Benson,3,57,7,42,49
061FWF23Goring,River Thames at Goring and Streatley,5,215,65,111,176
061FWF23HammCrt,River Thames at Hamm Court,6,188,156,23,179
061FWF23Hampton,River Thames at Hampton and Hampton Wick,8,395,88,194,282
061FWF23HenMed,"River Thames for Henley, Remenham, and Medmenham",5,733,401,216,617
061FWF23Horton,River Thames at Horton,6,27,14,4,18
061FWF23Hurley,River Thames at Hurley and Harleyford,7,406,262,97,359
061FWF23Keningtn,River Thames and tributaries at Kennington,8,43,15,21,36
061FWF23Key,River Key from the Bentham area to Cricklade including Purton Stoke,2,22,4,11,15
061FWF23Kingston,River Thames at Kingston-upon-Thames,7,3758,691,1990,2681
061FWF23LHalifrd,River Thames at Shepperton and Lower Halliford,8,650,256,318,574
061FWF23Laleham,River Thames at Laleham,8,703,359,247,606
061FWF23MMeysey,Marston Meysey Brook for Marston Meysey,2,,,,
061FWF23Marlow,River Thames at Bisham village and Marlow town,9,1479,418,746,1164
061FWF23Mdnhead,River Thames at Maidenhead to Windsor and Eton,9,12817,2319,7664,9983
061FWF23MillBk,Mill Brook from the Hagbourne Mill area to Winterbrook,3,,,,
061FWF23Molesey,River Thames at East and West Molesey,8,1935,1186,601,1787
061FWF23NwBotley,"River Thames and tributaries at New Botley, New Hinksey, North Hinksey, South Hinksey and Grandpont",9,3484,1864,1135,2999
061FWF23Nwbrdg,River Thames between Newbridge and Kings Lock above Oxford,6,183,108,40,148
061FWF23OldWndsr,River Thames at Old Windsor,7,1632,940,523,1463
061FWF23PngWitch,River Thames at Pangbourne and Whitchurch,6,146,94,35,129
061FWF23Purley,River Thames at Purley Village,7,435,304,98,402
061FWF23ReadCav,River Thames at Reading and Caversham,9,5460,1881,2311,4192
061FWF23SKCrkld,River Thames from Somerford Keynes to Cricklade,4,383,104,182,286
061FWF23Sandford,River Thames and tributaries at Sandford and Radley near Oxford,7,102,65,22,87
061FWF23ShepGrn,River Thames at Shepperton Green,8,678,138,455,593
061FWF23ShipWar,"River Thames for Shiplake, Lower Shiplake and Wargrave",6,354,221,121,342
061FWF23Sonning,"River Thames in the Playhatch, Sonning and Sonning Eye area",8,67,53,11,64
061FWF23Staines,River Thames at Staines and Egham,12,11661,5814,4268,10082
061FWF23StertAb,River Stert at Abingdon,5,567,101,297,398
061FWF23Stevnton,"Ginge Brook between Steventon and Sutton Courtenay, including Milton and Drayton Mill areas",9,408,147,205,352
061FWF23Sunbury,River Thames at Sunbury,9,354,209,115,324
061FWF23SwillBk,Swill Brook below Oaksey,3,79,6,30,36
061FWF23Teddngtn,River Thames at Teddington,9,1564,353,898,1251
061FWF23ThDitton,River Thames at Thames Ditton,7,886,386,387,773
061FWF23Wallngfd,River Thames from Days Lock down to South Stoke,6,771,195,393,588
061FWF23Walton,River Thames at Walton,7,101,67,25,92
061FWF23Wlvrcote,River Thames and tributaries at Wolvercote in Oxford,10,212,55,97,152
061FWF23Wraysbry,River Thames at Wraysbury,9,1045,651,275,926
061FWF23XDatcht,Properties closest to the River Thames at Datchet from Black Potts Bridge to Albert Bridge,4,16,11,0,11
061FWF23XKngstn,Properties closest to the River Thames from Raven's Ait to Teddington Weir,4,64,33,21,54
061FWF23XLHalif,Properties closest to the River Thames from Shepperton Lock to Beasley's Ait,4,320,277,40,317
061FWF23XMarlow,"Properties closest to the River Thames from All Saints Church, Bisham to Little Marlow",4,254,187,56,243
061FWF23XMhead,"Moorings and properties closest to the River Thames between Maidenhead, Windsor and Eton",5,122,26,51,77
061FWF23XMolsey,Properties closest to the River Thames from Platts Eyot to Hampton Court Bridge,3,129,63,39,102
061FWF23XOldWnd,"Properties closest to the River Thames at Old Windsor, from Friday Island to Magna Carta Island",4,35,19,8,27
061FWF23XReadCav,"Properties closest to the River Thames from Scours Lane, Reading to Caversham Lakes",3,625,376,188,564
061FWF23XShepG,"Properties closest to the River Thames from Littleton Lane, Shepperton Green to Shepperton Lock",6,210,145,38,183
061FWF23XStaines,"Properties closest to the River Thames from Runnymede Pleasure Grounds, Staines to Penton Hook",3,435,311,88,399
061FWF23XSunbry,Properties closest to the River Thames at Sunbury,5,232,193,34,227
061FWF23XWrysbry,Properties closest to the River Thames at Wraysbury from Old Windsor Weir to Magna Carta Island,6,243,200,25,225
061FWF24Aldersht,River Blackwater at Aldershot and Farnborough,7,2170,291,1442,1733
061FWF24Arborfld,River Loddon at Arborfield and Shinfield,5,,,,
061FWF24BadshLea,River Blackwater at Badshot Lea,1,376,17,274,291
061FWF24Camberly,River Blackwater at Camberley and Sandhurst,5,571,32,378,410
061FWF24Chineham,Pettys Brook at Chineham,6,244,80,130,210
061FWF24Cove,Cove Brook at Farnborough,7,805,90,627,717
061FWF24Crondall,River Hart at Crondall,1,130,51,56,107
061FWF24Crookham,"River Hart at Crookham Village, Hartley Wintney and Riseley",6,33,15,13,28
061FWF24Eversley,River Blackwater at Eversley and Bramshill,7,30,10,15,25
061FWF24Fleet,The Fleet Brook and Pinegrove Stream at Fleet,1,1804,191,1248,1439
061FWF24LEarley,River Loddon at Lower Earley and Sindlesham,5,444,293,122,415
061FWF24NWrnbrgh,"River Whitewater at North Warnborough, Hook and Riseley",6,67,20,34,54
061FWF24OldBasng,River Loddon at Old Basing,6,60,23,27,50
061FWF24Sherfld,River Loddon at Sherfield-on-Loddon,6,,,,
061FWF24SthWkngm,The Queen's Brook South of Wokingham,1,118,3,71,74
061FWF24Swllowfd,River Loddon and River Blackwater at Swallowfield,5,114,38,50,88
061FWF24Twyford,"River Loddon at Twyford, Charvil and Wargrave",5,502,317,153,470
061FWF24WestHth,"Cove Brook at West Heath, Farnborough",3,535,34,422,456
061FWF24Winnersh,River Loddon at Winnersh and Woodley,6,514,284,167,451
061FWF24Wokinghm,Emm Brook at Wokingham,5,621,223,306,529
061FWF25Hghenden,Hughenden Stream from Hughenden Park to the confluence with The River Wye,4,422,10,227,237
061FWF25Wycombe,River Wye from West Wycombe down to Bourne End,6,1632,229,893,1122
061FWF26Binghams,Cut at the Binghams,7,211,19,144,163
061FWF26Paley,"Cut at Ryehurst Lane, Westley Mill and Paley Street",6,19,9,2,11
061FWF26ThreeLeg,Cut from Three Legged Cross to Binfield Manor,5,215,35,118,153
061FWF29Addstne,Addlestone Bourne at Addlestone,7,1126,536,441,977
061FWF29Bagshot,Windle Brook at Bagshot,7,318,124,116,240
061FWF29Chertsey,Chertsey Bourne at Chertsey,10,2203,1162,710,1872
061FWF29Chobham,Hale Bourne and Addlestone Bourne at Chobham,7,199,84,78,162
061FWF29EmmMill,Mill Bourne at Emmetts Mill,5,,,,
061FWF29M3J3,Hale Bourne from the M3 to Clappers Lane,7,23,9,9,18
061FWF29ThorpGrn,Chertsey Bourne at Thorpe Green,6,80,44,28,72
061FWF29Woodham,Addlestone Bourne at Woodham,6,50,20,22,42
061FWF29XAddstne,Properties closest to the Addlestone Bourne at Addlestone,3,75,45,14,59
061FWF29XChrtsy,Areas of Chertsey closest to the Chertsey Bourne,4,186,103,62,165
061FWF30Alton,River Wey at Alton,5,126,28,61,89
061FWF30Bramley,Cranleigh Waters at Bramley,6,31,16,10,26
061FWF30Byfleet,River Wey at Wisley and Byfleet,11,2649,836,1345,2181
061FWF30Chilwrth,Tillingbourne at Chilworth and Shalford,5,22,18,0,18
061FWF30Cranlgh,Littlemead Brook at Cranleigh,6,240,9,159,168
061FWF30Eashing,River Wey at Elstead and Eashing,7,44,24,19,43
061FWF30Farnham,River Wey at Farnham,7,918,407,322,729
061FWF30Gford,River Wey at Guildford,9,1235,454,471,925
061FWF30Godalmg,"River Wey at Godalming, Peasmarsh and Shalford",8,789,346,274,620
061FWF30HoeFAS,The area of Woking benefiting from the Hoe Stream Flood Alleviation Scheme,4,69,20,38,58
061FWF30NrCrnlgh,Cranleigh Waters near Cranleigh and Shamley Green,7,96,27,38,65
061FWF30OldWking,River Wey at Old Woking,9,594,163,329,492
061FWF30Pirbrght,Hodge Brook at Pirbright,2,57,6,43,49
061FWF30RiveDtch,The Rive Ditch at Woodham,1,1207,154,803,957
061FWF30SWey,"River Wey at Passfield Mill Business Park, Standford, Frensham and Millbridge",7,45,8,19,27
061FWF30Send,East Clandon Stream at Send,9,107,55,46,101
061FWF30Tilford,River Wey at Tilford,6,15,5,0,5
061FWF30Weybrdge,River Wey at Weybridge,7,473,255,183,438
061FWF30Woking,Hoe Stream at Woking,10,138,59,66,125
061FWF30XByfleet,Properties closest to the River Wey between Walsham Meadow and Byfleet town,5,147,115,26,141
061WAB23DitIslnd,River Thames at Thames Ditton Island,1,49,47,0,22
061WAB23Trowlock,River Thames at Trowlock Island,1,31,30,0,18
061WAF02Churn,River Churn and its tributaries,5,1515,418,0,117
061WAF03RayWilts,River Ray and Swinbourne for West Swindon area to above Water Eaton,10,1327,88,0,61
061WAF04AmpneyBk,Ampney Brook from Barnsley Wood to Sheeppen Bridge,3,,,,
061WAF06Coln,River Coln and its tributaries,5,527,172,0,37
061WAF07Cole,"River Cole, Dorcan Brook and South Marston Brook",9,1428,500,0,81
061WAF08Leach,River Leach from Northleach to Mill Lane near Lechlade,3,118,8,0,7
061WAF10Dikler,River Dikler from Condicote to Little Rissington,5,54,23,0,19
061WAF10Windrush,River Windrush from Bourton to Newbridge,10,2277,481,0,297
061WAF12Evenlode,River Evenlode from Moreton in Marsh to Cassington and also the River Glyme at Wootton and Woodstock,9,663,185,0,123
061WAF14LChrwell,River Cherwell from Lower Heyford down to and including Oxford,4,759,247,0,67
061WAF14LfdWenBk,Langford and Wendlebury Brooks from Stratton Audley down to near Merton,2,560,79,0,66
061WAF14RayOxon,River Ray and its tributaries from Shipton Lee to and including Islip,4,148,45,0,30
061WAF14SorBlox,Sor Brook and The Bloxham Brook and their tributaries,3,83,21,0,14
061WAF14UChrwell,River Cherwell from Charwelton to just above Upper Heyford,6,1300,201,0,91
061WAF17Ock,"River Ock from Watchfield to Abingdon, and also the Letcombe Brook at Wantage, Grove and East Hanney",10,2708,703,0,404
061WAF19BearBrk,"Bear Brook and tributaries in the Aylesbury area, including Wendover and Weston Turville",12,3442,261,0,129
061WAF19Thame,"River Thame, Horsenden Stream and Chalgrove Brook",15,1505,147,0,120
061WAF21PangSulm,River Pang from East Ilsley to Pangbourne and Sulham Brook,5,622,297,0,112
061WAF22EnbnFdry,River Enborne and Foudry Brook,5,445,28,0,20
061WAF22Lambourn,River Lambourn and its tributaries from Upper Lambourn down to Newbury,9,980,184,0,130
061WAF22LowerKen,River Kennet from Thatcham down to Reading,6,2373,248,0,186
061WAF22UpperKen,River Kennet and its tributaries from Berwick Bassett down to Newbury,8,3292,455,0,276
061WAF23Abingdon,River Thames for the Abingdon area,7,593,216,0,123
061WAF23BsctKngs,River Thames and tributaries from Buscot Wick down to Kings Lock,8,433,209,0,81
061WAF23CalcLech,River Thames and its small tributaries from Calcutt to Lechlade,2,340,122,0,79
061WAF23Datchet,River Thames from Datchet to Shepperton Green,12,19858,10076,0,3245
061WAF23EwnCrkld,River Thames from Ewen down to and including Cricklade,4,382,106,0,29
061WAF23Ginge,Ginge Brook,8,1035,164,0,72
061WAF23Hampton,River Thames from Hampton and Thames Ditton to Teddington,11,6986,1575,0,589
061WAF23HenMed,"River Thames for Henley, Remenham, Medmenham and its tributaries",7,966,429,0,129
061WAF23Hurley,River Thames from Hurley to Cookham,7,3120,1390,0,563
061WAF23Mdnhead,River Thames from Maidenhead to Windsor and Eton,8,13210,2354,0,1276
061WAF23Oxford,River Thames and tributaries in the Oxford area,11,7112,2674,0,844
061WAF23PrlyPang,River Thames from Pangbourne to Purley,6,541,378,0,128
061WAF23RdngSonn,River Thames from Mapledurham to Sonning,9,6152,2310,0,506
061WAF23Shepprtn,River Thames from Shepperton to Molesey,8,3908,2407,0,719
061WAF23ShipWar,"River Thames for Shiplake, Lower Shiplake and Wargrave",5,354,221,0,82
061WAF23Slough,Slough Watercourses,2,6619,59,0,57
061WAF23Stert,River Stert in Abingdon,5,551,100,0,55
061WAF23ThmsTrbs,Clanfield Brook for Clanfield Village and the Shill Brook for Bampton,6,168,86,0,50
061WAF23UpThTrbs,Tributaries on the Upper River Thames above Cricklade,4,259,47,0,41
061WAF23WallGor,River Thames and its tributaries from Days Lock to above Pangbourne,7,1151,287,0,153
061WAF24BlkWater,River Blackwater and The Cove Brook,11,6973,568,0,307
061WAF24EmmBrook,Emm Brook and Queen's Brook,6,918,230,0,67
061WAF24LLoddon,Lower River Loddon,7,1369,636,0,143
061WAF24Twyford,Lower River Loddon at the River Thames confluence at Twyford,5,502,316,0,106
061WAF24ULoddon,Upper River Loddon,8,1134,128,0,36
061WAF24WhtWater,River Whitewater and River Hart,8,2648,297,0,255
061WAF25Wye,River Wye and The Hughenden Stream,5,1991,239,0,92
061WAF26Cut,Cut,9,1931,88,0,41
061WAF29Addstne,"Windle Brook and Hale, Mill and Addlestone Bournes",7,1942,816,0,176
061WAF29Chertsey,Chertsey Bourne,9,3478,1417,0,357
061WAF30Cranlgh,Cranleigh Waters,8,845,61,0,25
061WAF30Hoestrm,Hoe Stream,8,356,93,0,45
061WAF30LowerWey,Lower River Wey,10,5727,1597,0,813
061WAF30Tilling,Tillingbourne,6,116,26,0,8
061WAF30UpperWey,Upper River Wey,8,3764,1312,0,288
062FAGCheshamGW,Groundwater flooding in Chesham,2,1273,37,0,37
062FAGFlamstdGW,Groundwater flooding in Flamstead,2,36,1,0,1
062FAGKimptonGW,Groundwater flooding in Kimpton and Lilley Bottom,2,226,42,0,42
062FWB36Islewort,Tidal River Crane at Isleworth,16,468,121,259,380
062FWB38Brentfd,Tidal River Brent at Brentford,8,1544,118,823,941
062FWB53TidalLee,Lower River Lee from West Ham and Canning Town,17,10172,453,4972,5425
062FWB55Dagenham,River Beam at Dagenham,14,2133,109,966,1075
062FWF28Amersham,River Misbourne at Amersham,16,247,42,113,155
062FWF28Boreham,Radlett and Borehamwood Brooks at Borehamwood,10,108,19,75,94
062FWF28Boxmoor,River Bulbourne at Boxmoor,18,20,0,12,12
062FWF28CHeath,River Colne at Colney Heath,18,26,11,9,20
062FWF28Chalfont,River Misbourne at The Chalfonts,18,319,55,173,228
062FWF28Chenies,River Chess at Chenies,16,31,2,22,24
062FWF28Chesham,River Chess at Chesham,14,365,32,209,241
062FWF28Colnbrk,Colne Brook at Colnbrook,18,2760,1366,1051,2417
062FWF28Eastcote,River Pinn at Eastcote Village,14,297,88,168,256
062FWF28Frogmore,River Gade at Frogmore End,19,646,44,365,409
062FWF28Hemel,River Gade at Hemel Hempstead,21,249,4,166,170
062FWF28Ickenham,River Pinn at Ickenham,16,306,92,184,276
062FWF28Iver,Colne Brook at Iver,19,21,9,9,18
062FWF28KingsLan,River Gade at Kings Langley and Croxley,20,304,12,199,211
062FWF28LColney,River Colne at London Colney,19,121,50,54,104
062FWF28Loudwatr,River Chess at Loudwater,18,768,169,381,550
062FWF28Markyate,River Ver at Markyate,19,205,30,130,160
062FWF28Pinner,River Pinn at Pinner,16,764,149,424,573
062FWF28Radlett,Radlett Brook at Radlett,20,214,41,117,158
062FWF28Redbourn,River Ver at Redbourn,19,35,10,12,22
062FWF28Rickmans,River Colne at Rickmansworth,21,1111,259,559,818
062FWF28Ruislip,River Pinn at Ruislip,17,312,151,132,283
062FWF28StAlbans,River Ver at St Albans,20,145,33,81,114
062FWF28Uxbridge,River Pinn at Uxbridge,15,301,11,210,221
062FWF28WDrayton,River Colne and Frays River at West Drayton and Stanwell Moor,21,1772,638,792,1430
062FWF28Warrengt,Mimmshall Brook at Warrengate Road,18,48,41,3,44
062FWF28Watford,River Colne at Watford,20,1274,148,809,957
062FWF28Willow,River Colne at Willowbank,21,2201,224,1379,1603
062FWF28Wridings,Woodridings Stream at Pinner Green,16,120,29,65,94
062FWF28Yiewsley,River Pinn at Yiewsley,16,480,44,314,358
062FWF31Ashford,River Ash at Ashford and Staines,19,10259,2560,5707,8267
062FWF36Cranford,River Crane at Cranford and Feltham,17,387,21,291,312
062FWF36Hilling,Yeading Brook at Hillingdon,18,1202,88,971,1059
062FWF36RManor,Yeading Brook West at Ruislip Manor,19,302,58,204,262
062FWF36SRuislip,Yeading Brook East at South Ruislip,17,539,165,294,459
062FWF36Southall,River Crane at Southall,15,48,2,9,11
062FWF36Twickham,River Crane at Twickenham,15,1178,252,746,998
062FWF38DeansBk,Deans Brook at Edgware,19,201,19,145,164
062FWF38DollisBk,Dollis Brook from Barnet to Hendon,22,255,31,175,206
062FWF38EdgwareB,Edgware Brook at Stanmore,21,1848,165,1263,1428
062FWF38Kenton,Kenton Brook at Kenton,2,148,24,111,135
062FWF38LBBarnet,River Brent in the London Borough of Barnet,21,417,34,263,297
062FWF38LBBrent,River Brent in the London Borough of Brent,22,2713,172,1880,2052
062FWF38LBEaling,River Brent in the London Boroughs of Ealing and Hounslow,25,1544,161,1009,1170
062FWF38MuttonBk,Mutton Brook at Hampstead Garden Suburb,19,78,7,56,63
062FWF38SilkStrm,Silk Stream at Edgware and Colindale,22,1895,213,1064,1277
062FWF38Wealdstn,Wealdstone Brook at Kenton,21,3000,329,1320,1649
062FWF46Harpendn,River Lee at Harpenden,20,328,174,114,288
062FWF46Hertford,River Lee at Hertford and Ware,21,4564,785,2511,3296
062FWF46Lemsford,River Lee from Lemsford to Hertford,18,390,133,181,314
062FWF46Luton,River Lee at Luton,20,1790,335,1105,1440
062FWF47Tewin,River Mimram from Tewin to Hertford,13,110,35,50,85
062FWF47Welwyn,River Mimram at Welwyn,14,65,5,42,47
062FWF47Whitwell,River Mimram at Whitwell,12,,,,
062FWF48BeanHert,River Beane at Hertford,15,673,203,328,531
062FWF48DaneEnd,Dane End tributary at Dane End,13,36,11,17,28
062FWF48Stevenag,Stevenage Brook at Stevenage,15,285,46,197,243
062FWF48Walkern,River Beane at Walkern,14,57,24,21,45
062FWF48Watton,River Beane at Watton-at-Stone to Waterford,14,247,88,116,204
062FWF49Braughing,River Quin at Braughing,14,15,1,7,8
062FWF49Buntingf,River Rib at Buntingford to Barwick,16,490,148,223,371
062FWF49Wadesmil,River Rib at Wadesmill to Hertford,15,97,30,55,85
062FWF50FurneuxP,River Ash at Furneux Pelham,14,46,17,21,38
062FWF50Hadhams,River Ash at The Hadhams,14,92,47,30,77
062FWF51Bishop,River Stort at Bishops Stortford,21,1338,166,745,911
062FWF51Claverin,River Stort at Clavering and Manuden,18,64,34,20,54
062FWF51Harlow,River Stort at Harlow,21,1234,163,519,682
062FWF51PinceyBk,Pincey Brook near Sheering,17,,,,
062FWF51Sawbridg,River Stort at Sawbridgeworth,20,332,43,205,248
062FWF51StnMtFit,Stansted Brook at Stansted Mountfitchet,22,,,,
062FWF53Ching,Ching Brook in the London Borough of Waltham Forest,16,1653,266,1066,1332
062FWF53Cobbins,Cobbins Brook at Waltham Abbey,17,487,86,284,370
062FWF53Enfield,Lower River Lee at Enfield,19,13190,1115,7652,8767
062FWF53Hackney,Lower River Lee at Hackney and Walthamstow,11,9527,998,6127,7125
062FWF53Hoddesdn,Lower River Lee at Hoddesdon and Cheshunt,19,1917,478,997,1475
062FWF53Nazeing,Nazeing Brook at Lower Nazeing,17,351,103,181,284
062FWF53PymmesA,Pymmes Brook at East Barnet,16,190,47,110,157
062FWF53PymmesB,Pymmes Brook from Bowes Park to Edmonton,15,1779,132,1359,1491
062FWF53PymmesC,Pymmes Brook at Upper Edmonton and Tottenham,16,10104,769,6380,7149
062FWF53RagsBk,Rags Brook at Flamstead End,16,363,30,247,277
062FWF53Salmons,Salmons Brook at Grange Park and Lower Edmonton,17,5431,515,3880,4395
062FWF53SmallLee,Small River Lee at Cheshunt,16,4136,549,2354,2903
062FWF53Stratfd,Lower River Lee at Stratford,11,13641,825,7111,7936
062FWF53Trinity,Trinity Marsh Ditch at Waltham Cross,20,1872,119,1377,1496
062FWF53Turkey,Turkey Brook at Enfield,18,102,14,74,88
062FWF54Abridge,River Roding at Abridge,13,103,39,44,83
062FWF54Barking,River Roding in Barking,17,6177,290,4724,5014
062FWF54ChipOngr,Cripsey Brook at Chipping Ongar,17,122,24,74,98
062FWF54Fyfield,River Roding at Fyfield including High Ongar Bridge,15,18,3,6,9
062FWF54Loughton,River Roding at Loughton,13,181,68,92,160
062FWF54Moreton,Cripsey Brook at Moreton,14,,,,
062FWF54Ongar,River Roding from Ongar to Stapleford,17,18,8,5,13
062FWF54Redbridg,River Roding in Redbridge,18,6011,1293,3679,4972
062FWF54SevenK,Loxford Water at Seven Kings,3,3044,645,1899,2544
062FWF55CollierR,River Rom at Collier Row,5,78,14,55,69
062FWF55Harold,River Ingrebourne at Harold Park,15,138,13,45,58
062FWF55Hornchur,River Ingrebourne at Hornchurch,14,970,133,507,640
062FWF55Romford,River Rom at Romford,16,1821,62,1164,1226
062WAB36TidCrane,Tidal River Crane,17,468,121,0,40
062WAB38TidBrent,Tidal River Brent,8,1544,118,0,23
062WAB55BeamRom,Rivers Beam and Rom,20,5811,417,0,151
062WAF28Chess,River Chess in the Chilterns and Three Rivers Districts,19,1166,205,0,66
062WAF28Colnbrk,Colne Brook at Iver and Colnbrook,21,3069,1386,0,610
062WAF28GadeBulb,Rivers Gade and Bulbourne,22,1442,79,0,38
062WAF28LowColne,Lower River Colne and Frays River,19,3977,863,0,291
062WAF28MidColne,Middle River Colne,22,2382,407,0,175
062WAF28Mimmshal,Mimmshall Brook,21,878,51,0,43
062WAF28Misbourn,River Misbourne,16,579,99,0,38
062WAF28Pinn,River Pinn and Woodridings Stream,15,3267,597,0,255
062WAF28UpColne,Upper River Colne and Radlett Brook,19,1543,153,0,103
062WAF28Ver,River Ver in Hertfordshire,20,385,73,0,33
062WAF31AshMidd,River Ash in the Borough of Spelthorne,18,14241,2592,0,902
062WAF36FluCrane,Fluvial River Crane,20,3425,474,0,233
062WAF36Yeadings,Yeading Brooks in London Boroughs of Harrow and Hillingdon,16,1450,242,0,68
062WAF38Brent,River Brent from Hendon to Brentford,23,6505,443,0,207
062WAF38BrentBks,"Silk Stream and the Deans, Edgware, Dollis, Mutton, Wembley and Wealdstone Brooks",27,8928,881,0,296
062WAF46MidLee,River Lee at Hertford,19,5392,926,0,433
062WAF46UpperLee,"River Lee at Luton, Harpenden and Wheathampstead",19,2462,517,0,80
062WAF47Mimram,River Mimram in Hertfordshire,18,184,42,0,24
062WAF48Beane,River Beane catchment,18,1648,382,0,204
062WAF49RibQuin,Rivers Rib and Quin,18,926,290,0,212
062WAF50AshHerts,River Ash in Hertfordshire,16,181,79,0,53
062WAF51CanonsBK,Canons Brook from Harlow to Parndon Mead,14,74,1,0,1
062WAF51PinceyBk,Pincey Brook from Takeley to Harlow,15,13,2,0,2
062WAF51Stort,River Stort and Stansted Brook catchment,20,3328,435,0,157
062WAF53LLTribs,Lower Lee tributaries,19,30391,2687,0,762
062WAF53LowerLee,Lower River Lee from Hoddesdon to Canning Town,18,49366,3884,0,1044
062WAF54Cripsey,Cripsey Brook in Epping Forest District Council,19,703,63,0,44
062WAF54LoxfordW,Loxford Water,3,3064,647,0,634
062WAF54LwRoding,Lower River Roding,19,25748,2179,0,524
062WAF54MdRoding,Middle River Roding,16,819,205,0,131
062WAF54UpRoding,Upper Roding,18,85,20,0,15
062WAF55Ingrebrn,River Ingrebourne at Harold Park and Hornchurch,14,1463,216,0,102
063FWT23Barking,Tidal Thames from The Mardyke to Barking Creek,9,14073,1037,8840,9877
063FWT23Barnes,Tidal Thames from Putney Bridge to Mortlake High Street East,8,6896,924,4703,5627
063FWT23BermA,Tidal Thames from Deptford Creek to Rotherhithe Station,3,16545,302,10944,11246
063FWT23BermB,Tidal Thames at Deptford and Southwark Park,2,15711,158,10802,10960
063FWT23BermC,Tidal Thames from Rotherhithe Station to London Bridge,3,19648,214,11979,12193
063FWT23BermD,Tidal Thames at South Bermondsey,2,16395,152,11315,11467
063FWT23BermE,Tidal Thames at Camberwell,2,11573,105,8454,8559
063FWT23BermF,Tidal Thames from London Bridge to Hungerford Bridge,3,15624,214,8825,9039
063FWT23BermG,Tidal Thames at Walworth,2,23532,156,15440,15596
063FWT23BermH,Tidal Thames from Hungerford Bridge to Battersea Power Station,3,25708,202,12965,13167
063FWT23BermI,Tidal Thames from Battersea Power Station to Battersea Bridge,3,20290,258,13234,13492
063FWT23BermJ,Tidal Thames from Battersea Bridge to Wandsworth Bridge,3,15372,179,9724,9903
063FWT23Chiswick,Tidal Thames from the Hogarth Lane Roundabout to the River Brent,8,7404,767,4947,5714
063FWT23City,Tidal Thames from the Limehouse Basin to Blackfriars Bridge,8,5841,355,3658,4013
063FWT23Dartford,Tidal Thames from Dartford Creek to Erith High Street East,10,2078,144,1516,1660
063FWT23Greenwch,Tidal Thames from Woolwich Arsenal to Deptford Creek,8,16850,622,9929,10551
063FWT23HammA,Tidal Thames from Battersea Bridge to Putney Bridge,2,13056,286,8616,8902
063FWT23HammB,Tidal Thames at south Fulham,1,9281,134,6923,7057
063FWT23HammC,Tidal Thames at north Fulham,1,12278,176,8614,8790
063FWT23HammD,Tidal Thames from Putney Bridge to the Hogarth Lane Roundabout,3,11593,386,7958,8344
063FWT23HammE,Tidal Thames at Hammersmith and West Kensington,1,10629,234,7282,7516
063FWT23HammF,Tidal Thames at Chiswick,1,11386,239,8255,8494
063FWT23IoDA,Tidal Thames at the Isle of Dogs north of South Dock,2,20892,498,11571,12069
063FWT23IoDB,Tidal Thames at the Isle of Dogs south of South Dock,2,25381,330,14397,14727
063FWT23Islewrth,Tidal Thames from the River Brent to the River Crane,8,1272,182,743,925
063FWT23Mortlake,Tidal Thames from Mortlake High Street East to Richmond Bridge,10,5204,651,3444,4095
063FWT23NineElms,Tidal Thames at Nine Elms,1,3434,8,1258,1266
063FWT23RDockA,Tidal Thames from Beckton Sewage Works to the River Lee,3,22205,326,12060,12386
063FWT23RDockB,Tidal Thames at Beckton,2,10242,149,8304,8453
063FWT23RDockC,Tidal Thames at Mill Meads and East Plaistow,2,9303,473,6664,7137
063FWT23Richmond,Tidal Thames from Richmond Bridge to Teddington Weir,9,87,22,51,73
063FWT23Roding,Tidal Thames at Beckton Sewage Works,9,2407,218,1827,2045
063FWT23Thamesmd,Tidal Thames from Erith High Street East to Woolwich Arsenal,2,24243,677,18725,19402
063FWT23Twicknhm,Tidal Thames from the River Crane to Teddington Weir,9,3133,607,1769,2376
063FWT23Wandswrh,Tidal Thames from Wandsworth Bridge to Putney Bridge,12,3994,79,1995,2074
063FWT23WestminA,Tidal Thames from Blackfriars Bridge to Vauxhall Bridge,2,5048,79,3083,3162
063FWT23WestminB,Tidal Thames from Vauxhall Bridge to Battersea Bridge,2,13795,201,9011,9212
063FWT23WestminC,Tidal Thames at Westminster,1,7184,100,4111,4211
063WAT231N,"Tidal Thames in the boroughs of Kensington and Chelsea, Hammersmith and Fulham, Ealing and Hounslow",11,77273,2409,0,1413
063WAT231S,Tidal Thames in the boroughs of Wandsworth and Richmond-upon-Thames,9,15262,2163,0,965
063WAT232N,"Tidal Thames in the boroughs of Tower Hamlets, City of London, City of Westminster, Ken and Chelsea",10,80778,1581,0,886
063WAT232S,"Tidal Thames in the boroughs of Greenwich, Lewisham, Southwark, Lambeth and Wandsworth",9,184533,2019,0,1632
063WAT233N,"Tidal Thames in the boroughs of Havering, Barking and Dagenham, and Newham",10,58122,2203,0,856
063WAT233S,Tidal Thames in the boroughs of Bexley and Greenwich,9,43517,1442,0,885
063WAT23Central,Tidal Thames riverside from the Thames Barrier to Putney Bridge,7,21819,541,0,294
063WAT23East,Tidal Thames riverside from Dartford Creek and The Mardyke to the Thames Barrier,3,7627,178,0,128
063WAT23West,Tidal Thames riverside from Putney Bridge to Teddington Weir,7,4584,976,0,340
064FAG41Caterham,Groundwater flooding in the Caterham Bourne catchment,4,6639,214,0,211
064FAG99Eastkent,Groundwater flooding in East Kent,3,55817,5205,0,2460
064FAG99SElondon,Groundwater flooding in South East London,4,59311,1287,0,720
064FWB40Barnes,Beverley Brook at Barnes,6,1729,289,1138,1427
064FWB41Wndswrth,River Wandle at Wandsworth,6,5705,416,3508,3924
064FWB6DCB,Dartford,2,2112,220,1148,1368
064FWB6StourMarsh,River Stour between Stodmarsh and Ash Level,5,70,22,19,41
064FWC10A,"Kings Avenue Estate and Rock Channel, Rye",6,125,89,32,121
064FWC10B,"Rye, Rye Harbour and East Guldeford",7,1520,800,486,1286
064FWC1HerneBay,Coast from Whitstable to Herne Bay,6,4914,1396,2230,3626
064FWC1Kemsley,Coast from Kemsley to Seasalter,3,3176,1026,1523,2549
064FWC1Leysdown,Coast from Warden Bay to Hamlet of Shellness,2,179,50,77,127
064FWC1Margate,North Kent coast at Margate,3,350,17,166,183
064FWC1Marshside,Chislet Marshes and Wade Marsh,3,184,52,107,159
064FWC1Reculver,Coast from Reculver to Birchington,2,111,13,54,67
064FWC1Sheerness,"Sheerness, Minster and Queenborough",3,9411,1117,5730,6847
064FWC6B,Tidal River Stour at Sandwich,10,1044,366,444,810
064FWC6C,Tidal River Stour at Discovery Park,8,55,9,3,12
064FWC6D,North Stonar to Pegwell,8,24,11,8,19
064FWC6F,"Coast at St Margaret's at Cliffe, Dover, Folkestone and Sandgate",4,438,24,233,257
064FWC6G,Coast at Ramsgate,1,85,0,17,17
064FWC7,Coast from Pegwell Bay to Kingsdown,9,4107,2123,1266,3389
064FWC8A,Coast from Folkestone to St Mary's Bay,8,7821,3950,2667,6617
064FWC8B,Coast from Littlestone Golf Course to Dungeness,7,3128,921,1501,2422
064FWC9,Coast from Dungeness to Rye,10,2618,752,1213,1965
064FWC9A,"Winchelsea, Winchelsea Beach and Pett Level",6,616,373,184,557
064FWCDengeMarsh,East Sussex coast at Denge Marsh,3,,,,
064FWF32Brockham,River Mole at Brockham and Pixham,7,85,57,21,78
064FWF32BrstStrm,Burstow Stream at East and North Horley,8,1492,473,803,1276
064FWF32Charlwd,River Mole at Charlwood and Hookwood,8,249,57,137,194
064FWF32Cobham,"River Mole at Stoke D'Abernon, Cobham and South Hersham",6,102,32,45,77
064FWF32Dorking,River Mole at Dorking and Mickleham,7,24,9,12,21
064FWF32Earlswd,Earlswood Brook,2,389,34,287,321
064FWF32Esher,River Mole at Esher and East Molesey,10,12837,2185,8597,10782
064FWF32GtwkStrm,Gatwick Stream at South West Horley,8,266,44,79,123
064FWF32Ifield,Ifield Brook and the River Mole at Ifield and the River Mole at Lowfield Heath,7,49,19,22,41
064FWF32Leathrhd,River Mole at Leatherhead and Fetcham,7,521,268,155,423
064FWF32Maidnbwr,Gatwick Stream at Maidenbower and Crawley,7,584,139,316,455
064FWF32PippBrk,Pipp Brook,2,326,32,195,227
064FWF32Redhill,Redhill Brook at Redhill,7,1069,46,522,568
064FWF32Salfords,Salfords Stream at Salfords,8,114,18,65,83
064FWF32Sidlow,"River Mole at Sidlow, Leigh and Betchworth",6,12,7,0,7
064FWF32Smlfield,Weatherhill Stream at Smallfield,2,788,104,528,632
064FWF32Tilgate,Tilgate Brook,2,1041,57,820,877
064FWF33Ewell,River Hogsmill at Ewell,2,916,46,697,743
064FWF33Kingston,River Hogsmill at Kingston,4,4323,796,2361,3157
064FWF33Ruxley,"River Hogsmill at Ewell Court, Ruxley and Old Malden",4,686,47,479,526
064FWF33Surbiton,Surbiton Stream at Kingston,1,898,47,688,735
064FWF35Rythe,River Rythe between Oxshott and Thames Ditton,3,2061,152,1542,1694
064FWF40BevBarn,Beverley Brook at West Barnes,4,1001,303,527,830
064FWF40MordnPrk,East Pyl Brook at Morden Park,4,1022,75,785,860
064FWF40NCheam,Pyl Brook at North Cheam,5,564,130,339,469
064FWF40PylBarn,Pyl Brook at West Barnes,4,684,202,368,570
064FWF40RaynsPrk,Beverley Brook at Raynes Park,5,303,36,131,167
064FWF40WimbComm,Beverley Brook at Wimbledon Common and Richmond Park,4,,,,
064FWF40WorcsPrk,Beverley Brook at Worcester Park,4,458,105,268,373
064FWF41BeddPark,River Wandle at Beddington Park,6,4988,332,3296,3628
064FWF41Graveney,River Graveney at Tooting and Colliers Wood,5,1716,117,1263,1380
064FWF41Morden,River Wandle at Morden,6,1592,161,1074,1235
064FWF41Norbury,Norbury Brook at Thornton Heath and Streatham Vale,6,2711,163,2125,2288
064FWF41Wimbledn,River Wandle at Wimbledon,7,2888,282,1462,1744
064FWF43Becknham,Beck at Beckenham,5,663,17,428,445
064FWF43BellGrn,Pool River at Bell Green and New Beckenham,5,932,32,519,551
064FWF43Bromley,Ravensbourne at Bromley,5,2108,200,1513,1713
064FWF43Catford,Ravensbourne from Bellingham to Catford,5,1766,181,1188,1369
064FWF43ChnMeadows,Properties around Chinbrook Meadows,1,63,10,38,48
064FWF43Chnbrook,"River Quaggy at Chinbrook, Mottingham and Eltham",5,333,38,240,278
064FWF43Deptford,Ravensbourne at Deptford,4,795,12,458,470
064FWF43Lewisham,Ravensbourne at Lewisham,6,7979,220,4554,4774
064FWF43PettsWd,Kyd Brook at Petts Wood,5,423,131,238,369
064FWF43QuagFAS,"River Quaggy at Kidbrooke, Lee and Hither Green",4,3676,265,2306,2571
064FWF43Sndridge,Kyd Brook at Sundridge Park,5,319,45,218,263
064FWF43UpprElm,Chaffinch Brook and St James Stream at Elmers End,6,2190,172,1564,1736
064FWF51A,River Rother at Etchingham,8,34,12,17,29
064FWF51B,River Rother at Robertsbridge,9,165,90,50,140
064FWF52A,Sedlescombe and Winchelsea properties adjacent to the Brede,8,77,29,35,64
064FWF52B,"New Winchelsea Road, Rye",5,97,52,38,90
064FWF52PettLvl,Marsham Sewer at Pett Level,1,67,39,20,59
064FWF53A,Rye properties along the Tillingham,7,574,370,147,517
064FWF5B1,Speringbrook Sewer (Hamstreet Arm),8,108,20,59,79
064FWF5B2,New Romney Sewage Arm,7,1062,600,261,861
064FWF6A6,North and South Streams from Eastry and Northbourne to Sandwich,10,192,124,54,178
064FWF6AylesStrm,Aylesford Stream,3,394,75,217,292
064FWF6Canterbury,River Great Stour at Canterbury,5,2876,423,1432,1855
064FWF6Chartham,"Shalmsford Street, Chartham and Thanington",4,242,89,114,203
064FWF6EastStour,East Stour from Sellinge to South Ashford,3,31,15,7,22
064FWF6Fordwich,Fordwich and Sturry,3,214,83,106,189
064FWF6GFerry,Grove Ferry and Plucks Gutter,4,12,9,0,9
064FWF6Hothfield,Great Stour from Hothfield to Ashford,4,972,131,444,575
064FWF6LStour,"Littlebourne, Ickham and Wickhambreaux on the Little Stour",7,189,78,73,151
064FWF6LenHeath,Great Stour from Lenham Heath to Hothfield,4,52,18,28,46
064FWF6Nailbrne,Nailbourne Valley,4,353,192,112,304
064FWF6NorthAsh,Great Stour at North Ashford,3,595,45,277,322
064FWF6SouthAsh,"South Ashford on the East Stour River, Aylesford Stream, Whytewater Dyke and Ruckinge Dyke",4,711,244,307,551
064FWF6WhiteRuck,Whitewater and Ruckinge Dykes,2,138,24,80,104
064FWF6Wye,"Wye, Godmersham and Chilham",3,51,4,34,38
064FWF7Cray,"River Cray in St Marys Cray, Sidcup, Bexley and Crayford",4,1613,374,822,1196
064FWF7Dartford,"River Darent at Dartford Trade Park, Brooklands and Dartford to the Thames estuary",6,2415,252,1232,1484
064FWF7Otford,River Darent from Otford to Darenth,3,980,376,431,807
064FWF7Shuttle,"River Shuttle at Blackfen, Sidcup, Old Bexley and Crayford",4,325,114,176,290
064FWF7Westerham,River Darent from Westerham to Sevenoaks,4,734,219,374,593
064FWF8A1,Rivers Eden and Eden Brook from Crowhurst to Penshurst,11,732,361,274,635
064FWF8A2,River Medway between Forest Row and Penshurst,10,216,57,110,167
064FWF8A3,River Medway between Penshurst and Leigh,11,,,,
064FWF8Beult,River Beult from Bethersden and Pluckley to Stile Bridge,5,391,125,177,302
064FWF8CollStreet,River Beult and Lesser Teise at Collier Street,5,560,277,196,473
064FWF8EastPeck,"River Medway, Alder Stream, Coult Stream and River Bourne at East Peckham",3,1082,536,400,936
064FWF8Hadlow,Hadlow and Golden Green,3,31,21,5,26
064FWF8Headcorn,Headcorn,2,71,38,24,62
064FWF8Kidbrook,Kidbrooke Stream at Forest Row,5,60,35,17,52
064FWF8LVenice,Little Venice Country Park and Marina,5,15,12,0,12
064FWF8Lamberhurst,River Teise in Lamberhurst and Goudhurst,6,90,59,18,77
064FWF8LeighVill,River Medway at Leigh Village,2,184,15,130,145
064FWF8LngFld,Lingfield,2,224,86,97,183
064FWF8LowerMed,River Medway between Yalding and Maidstone,3,137,77,35,112
064FWF8Maidstne,River Medway at Maidstone,3,2255,544,1209,1753
064FWF8PaddWood,Paddock Wood and Laddingford,4,704,382,206,588
064FWF8Southbrgh,Southborough Stream at Tonbridge,2,111,5,80,85
064FWF8Teise,River Teise and Lesser Teise between Horsmonden and Claygate,4,205,81,87,168
064FWF8Tonbridge,Tonbridge and Hildenborough,3,3454,1449,1520,2969
064FWF8Yalding,"River Medway, River Teise and River Beult at Yalding",5,280,204,57,261
064FWF9A1,Scrapsgate Drain and Warden Bay Drain,6,405,155,138,293
064FWF9A2,West Brook at Hampton,10,139,74,45,119
064FWF9A3,Swalecliffe Brook,9,111,57,38,95
064FWF9Gorrell,Gorrell Stream at Whitstable,2,374,70,224,294
064FWF9Pent,Pent Stream at Folkestone,4,291,42,186,228
064FWF9PlentyBrk,Whitstable - Plenty Brook,2,1235,198,665,863
064FWF9UpperPent,Upper Pent Stream at Cheriton and Morehall,2,300,31,227,258
064FWT1Dartford,"Dartford, Crayford and Greenhithe",2,6233,486,3913,4399
064FWT1Grain,Isle of Grain and Stoke,2,789,92,556,648
064FWT1Gravesend,Gravesend and Northfleet,2,3163,305,2017,2322
064FWT1KentMarsh,North Kent Marshes between Shorne Marsh and Allhallows,2,217,26,125,151
064FWT1Medway,Tidal River Medway and Medway estuary,4,10253,1797,4969,6766
064FWT1Seaward,Properties seaward side of tidal defences from Greenhithe to Gravesend,3,19,13,0,13
064FWT8TidalMed,Tidal River Medway from Allington to Cuxton,8,1220,337,601,938
064WAB6TidalStour,Tidal River Stour area from Fordwich to Stonar Cut,3,68,23,0,10
064WAC1ShepSwale,Isle of Sheppey and coast from Kemsley to Seasalter,5,13353,2198,0,837
064WAC1WhitMar,Coast from Whitstable to Margate,6,5536,1466,0,587
064WAC303,Coast from St Margaret's at Cliffe to Sandgate,2,454,24,0,22
064WAC304,Coast from Ramsgate to Kingsdown,12,4943,2307,0,307
064WAC305,Coast from Sandgate to Dungeness,12,10949,4871,0,845
064WAC306,Coast from Fairlight to Dungeness including the Tidal Rother,13,6220,2093,0,435
064WAF321,Upper River Medway,13,429,109,0,74
064WAF324,Rivers Eden and Eden Brook,14,1560,474,0,201
064WAF32Esher,Lower River Mole area at Esher and East Molesey,6,12828,2182,0,1550
064WAF32MdleMole,River Mole and its tributaries from Kinnersley Manor to South Hersham,9,2470,499,0,273
064WAF32Redhill,Redhill Brook at Redhill and Salfords Stream at Salfords,7,1479,68,0,47
064WAF32UpprMole,"Upper River Mole, Ifield Brook, Gatwick Stream and Burstow Stream",11,6531,958,0,426
064WAF331,Rivers on the Isle of Sheppey,9,852,215,0,84
064WAF332,"Plenty, Swalecliffe and West Brooks",12,2442,582,0,329
064WAF33Hogsmill,River Hogsmill area from Ewell to Kingston upon Thames,9,8255,981,0,274
064WAF344,North and South Streams,14,181,119,0,14
064WAF351,River Rother and its tributaries from Turks Bridge to the Royal Military Canal,13,256,121,0,63
064WAF352,Rivers Tillingham and Brede,12,763,452,0,65
064WAF35RiverRythe,River Rythe from Oxshott to Thames Ditton,4,2126,154,0,102
064WAF361,Hamstreet Arm,17,129,21,0,8
064WAF362,New Romney Sewage Arm,12,1091,607,0,134
064WAF40BevBrook,"Beverley Brook area in Merton, Sutton, Kingston upon Thames, Richmond upon Thames and Wandsworth",7,5720,1150,0,341
064WAF41Wandle,"River Wandle area in the London Boroughs of Wandsworth, Merton, Lambeth, Croydon and Sutton",10,23178,1516,0,773
064WAF43Ravnsbrn,"Ravensbourne area in the London Boroughs of Lewisham, Bromley, Greenwich and Croydon",9,24067,1358,0,632
064WAF6LittleStour,Nailbourne and Little Stour,4,560,277,0,107
064WAF6LowStour,Lower River Stour,5,3412,584,0,252
064WAF6UpStour,Upper River Stour,3,3394,565,0,206
064WAF7Darent,River Darent from Westerham to Dartford,8,4228,847,0,178
064WAF7ShutCray,Shuttle and Cray,5,2011,491,0,94
064WAF8Bourne,River Bourne from Hadlow to East Peckham,14,267,57,0,26
064WAF8LowBeult,River Beult from Stilebridge to Hampstead Lock at Yalding,2,834,468,0,207
064WAF8LowMed,Lower River Medway,17,5022,961,0,334
064WAF8LowTeise,River Teise and Lesser Teise area from Horsmonden to Yalding,5,1435,794,0,322
064WAF8MidMed,Middle River Medway,18,6524,2520,0,1203
064WAF8Southbrgh,Southborough Stream,1,146,8,0,8
064WAF8UpBeult,River Beult from Pluckley and Bethersden to Stilebridge,3,563,164,0,68
064WAF8UpTeise,River Teise area from Lamberhurst to Goudhurst,6,112,65,0,64
064WAF9PentStrm,Pent Stream in Folkestone,6,956,77,0,69
064WAT1MedEst,"Tidal Medway, Medway estuary and Isle of Grain",5,11171,1898,0,696
064WAT1ThamesEst,Coast from Dartford to Allhallows,2,9613,817,0,311
065FAG001,Groundwater flooding in Deane and Ashe in North Hampshire,2,40,3,0,3
065FAG002,"Groundwater flooding in Vernham Dean, Upton and the Bourne Valley",3,986,191,0,185
065FAG003,Groundwater flooding in villages surrounding Andover,8,2153,52,0,48
065FAG004,"Groundwater flooding in Pitton, West Tytherley, Nether Wallop and Broughton",2,806,40,0,34
065FAG005,Groundwater flooding in Kings Somborne and Little Somborne,2,541,98,0,61
065FAG006,Groundwater flooding in Hursley,2,212,25,0,25
065FAG007,"Groundwater flooding in Littleton, Headbourne, Kings and Martyr Worthy, Easton and Chilland",6,1020,66,0,66
065FAG008,Groundwater flooding in Bishops Sutton,2,159,2,0,2
065FAG009,Groundwater flooding in the Candovers and Old Alresford,3,339,55,0,28
065FAG010,Groundwater flooding in Bramdean and Cheriton,3,407,47,0,35
065FAG011,Groundwater flooding in Twyford and Hensting,3,438,41,0,36
065FAG012,Groundwater flooding in the Meon Valley from East Meon to Soberton,6,1348,97,0,95
065FAG013,Groundwater flooding in Hambledon,2,340,62,0,62
065FAG014,Groundwater flooding in Denmead,2,2523,48,0,46
065FAG015,"Groundwater flooding in Finchdean, Dean Lane End and Rowlands Castle",2,165,30,0,30
065FAG016,"Groundwater flooding in West Dean, Singleton, Charlton, East Dean and Chilgrove",3,508,85,0,81
065FAG017,Groundwater flooding in Patcham,5,150,49,0,42
065FAG018,Groundwater flooding in Sutton Scotney and Chilbolton,3,550,22,0,22
065FAG019,Groundwater flooding in upper River Ems Valley,4,76,12,0,11
065FAG020,Groundwater flooding in Denton,1,1121,20,0,14
065FWB0102,Beaulieu,8,65,33,25,58
065FWB3201,Newhaven,6,1203,249,522,771
065FWC0101,Lymington and Keyhaven,11,726,225,304,529
065FWC0201,Fawley,9,,,,
065FWC0301,"Calshot, Hythe, Marchwood, Eling and Redbridge",11,1440,605,527,1132
065FWC0401,"Ocean Village, Southampton",9,21,2,12,14
065FWC0501,Itchen estuary,9,3756,692,1799,2491
065FWC0601,Hamble estuary,11,254,111,75,186
065FWC0701,Gosport,9,1879,197,1133,1330
065FWC0801,Fareham,9,179,128,43,171
065FWC0802,Portchester,3,1003,587,258,845
065FWC0901,"Port Solent, Farlington and Brockhampton",9,1158,93,727,820
065FWC1001,Hilsea,7,2543,65,1824,1889
065FWC1101,Eastern Portsmouth,7,3100,185,2134,2319
065FWC1201,Tipner and Stamshaw,7,487,31,363,394
065FWC1301,Old Portsmouth,8,603,238,235,473
065FWC1302,Southsea,8,3895,278,2367,2645
065FWC1401,Langstone and Emsworth,10,514,300,135,435
065FWC1501,"North and East Hayling at Northney, Tye and Selsmore",10,240,156,62,218
065FWC1601,Eastoke,7,366,138,177,315
065FWC1602,South Hayling and South Eastoke seafront,9,1194,471,477,948
065FWC1603,"South Hayling at Sinah Common, Westfield, Sea View and Mengham",1,614,49,415,464
065FWC1701,"Ferry Point, The Kench, Sinah Warren and Stoke, West Hayling",13,256,171,57,228
065FWC1801,"Thorney Island, Southbourne and Nutbourne",10,356,73,228,301
065FWC1901,Bosham and West Itchenor,11,316,137,116,253
065FWC2001,West Wittering and East Wittering coast,10,1689,37,989,1026
065FWC2002,Bracklesham coast,9,345,54,197,251
065FWC2101,Medmerry,10,176,97,45,142
065FWC2201,Selsey East Beach,9,1942,200,1228,1428
065FWC2301,Pagham,8,319,60,188,248
065FWC2302,Sidlesham,7,177,104,50,154
065FWC2401,Bognor,9,2215,473,1199,1672
065FWC2402,Elmer,7,338,101,163,264
065FWC2501,Climping,6,,,,
065FWC2601,Littlehampton Rope Walk,7,119,95,18,113
065FWC2602,Littlehampton East Bank,6,2308,329,1147,1476
065FWC2801,"Rustington, Worthing and Lancing",7,3165,143,1919,2062
065FWC2901,Shoreham Beach,10,391,44,298,342
065FWC3001,Shoreham Harbour,9,556,112,248,360
065FWC3002,Shoreham Town and Lancing,6,4239,898,2371,3269
065FWC3101,Brighton Marina,4,1146,146,514,660
065FWC3301,Seaford seafront,4,718,255,317,572
065FWC3302,Seaford Town,4,559,72,340,412
065FWC3401,Eastbourne seafront,5,487,44,290,334
065FWC3402,Eastbourne Town,5,12158,1632,7480,9112
065FWC3501,Pevensey seafront,6,2102,486,1094,1580
065FWC3502,Pevensey Levels,6,2762,610,1517,2127
065FWC3601,Bexhill seafront,4,582,23,355,378
065FWC3701,Bulverhythe Seafront,7,766,201,399,600
065FWC3801,Hastings seafront,5,383,12,194,206
065FWC8001,"Yarmouth, Isle of Wight",9,115,63,34,97
065FWC8002,"Freshwater Bay, Isle of Wight",2,41,2,20,22
065FWC8101,"Cowes, East Cowes, and Newport",10,933,314,318,632
065FWC8201,Gurnard,9,53,32,6,38
065FWC8301,Wootton,11,61,18,28,46
065FWC8302,Ryde,8,532,145,201,346
065FWC8303,Bembridge,8,172,50,65,115
065FWC8304,Seaview,5,228,43,79,122
065FWC8401,Shanklin and Sandown,10,448,65,206,271
065FWF1001,Slaugham to Ardingly on the River Ouse,5,,,,
065FWF1002,Lindfield on the Scrase Bridge and West Common Streams,6,110,34,57,91
065FWF1003,Lindfield Bridge on the River Ouse,6,,,,
065FWF1004,Freshfield Bridge to Sharpsbridge on the River Ouse,8,15,5,2,7
065FWF1005,Isfield on the River Uck,7,14,6,0,6
065FWF1006,Barcombe Mills on the River Ouse,5,16,13,0,13
065FWF1007,Hamsey on the River Ouse,7,23,8,7,15
065FWF1008,Lewes on the River Ouse,8,1092,522,380,902
065FWF1009,"Malling at Lewes, on the River Ouse",8,578,204,203,407
065FWF1010,Winterbourne Stream at Lewes,5,398,128,209,337
065FWF1011,"Piddinghoe, Southease and South Heighton on the River Ouse",7,51,9,30,39
065FWF1101,Buxted on the River Uck,12,,,,
065FWF1102,Uckfield on the River Uck,8,271,138,81,219
065FWF1103,"Olives Meadow at Uckfield, on the River Uck",6,26,19,0,19
065FWF1201,Hellingly and Horsebridge on the Cuckmere and Bull Rivers,7,25,10,9,19
065FWF1202,Alfriston on the Cuckmere River,7,,,,
065FWF1301,"Langney Haven at Langney, Willingdon and Eastbourne",5,231,99,104,203
065FWF1303,Polegate and Wannock Streams,1,247,44,144,188
065FWF1401,Crowhurst on the Powdermill Stream,8,22,13,0,13
065FWF1402,Bulverhythe on the Combe Haven,7,233,131,79,210
065FWF1403,Hollington Stream from Hollington Old Lane to Harley Shute,2,40,3,31,34
065FWF1405,"Thanet Way, Pegwell Close and Queens Road, Hastings",1,313,25,177,202
065FWF3001,"Overton, Laverstoke and Whitchurch on the River Test",8,355,78,183,261
065FWF3002,Bourne Valley,6,346,144,153,297
065FWF3003,Andover on the River Anton,8,408,65,252,317
065FWF3004,Anna Valley on the Pillhill Brook,7,101,24,58,82
065FWF3005,West Dean to Dunbridge on the River Dun,7,63,25,32,57
065FWF3006,Over Wallop to Broughton on the Wallop Brook,7,67,19,36,55
065FWF3007,Stockbridge to Timsbury on the River Test,9,240,54,129,183
065FWF3008,River Test at Romsey and Testwood,9,316,171,116,287
065FWF3009,Sombourne Stream at Kings Somborne,1,137,77,48,125
065FWF3010,Halterworth to Romsey Town Centre on the Tadburn Lake,6,808,298,392,690
065FWF3011,Micheldever to Bransbury on the River Dever,2,42,9,25,34
065FWF3012,Longparish to Longstock on the River Test,2,99,39,46,85
065FWF3101,Landford to Wade Bridge on the River Blackwater,5,14,6,1,7
065FWF3201,Rushington and Eling on the Bartley Water,6,522,184,230,414
065FWF3301,"Lord's Hill and Lordswood to Millbrook, on the Tanners Brook",7,720,96,475,571
065FWF3401,Cheriton,3,21,15,0,15
065FWF3402,The Candovers,4,64,37,18,55
065FWF3403,Alresford,3,,,,
065FWF3404,Ovington to Abbots Worthy on the River Itchen,4,,,,
065FWF3405,Winchester,7,497,114,242,356
065FWF3407,Shawford to Bishopstoke on the River Itchen,7,256,58,142,200
065FWF3408,Mansbridge and Woodmill on the River Itchen,5,39,12,14,26
065FWF3501,Chandlers Ford to Swaythling,4,1809,285,1163,1448
065FWF3502,Hedge End Streams,1,516,86,332,418
065FWF3601,"Ashley and Milford on Sea, Danes Stream",5,191,27,118,145
065FWF3602,"Barton on Sea, New Milton on the Becton Bunny",1,139,20,71,91
065FWF3701,Brockenhurst and Boldre on the River Lymington,6,313,142,123,265
065FWF3702,Lymington,5,67,8,16,24
065FWF3901,Bishops Waltham on the River Hamble,5,93,11,58,69
065FWF3902,"Waltham Chase, Durley Mill and Botley on the River Hamble",1,63,21,33,54
065FWF3903,Whiteley on the Whiteley Stream,1,89,14,54,68
065FWF4001,East Meon to Mislingford on the River Meon,8,122,34,72,106
065FWF4002,Wickham on the River Meon,5,57,32,21,53
065FWF4003,Titchfield on the River Meon,3,22,11,1,12
065FWF4101,Browndown on the River Alver,4,78,8,32,40
065FWF4201,Wallington,5,198,97,50,147
065FWF4202,Denmead,4,347,14,270,284
065FWF4301,Leigh Park and Bedhampton on the Hermitage Stream,5,663,23,536,559
065FWF4401,"Crosslands Drive and West Leigh, Havant, on the Lavant Stream",5,237,91,120,211
065FWF4402,Havant Town Centre on the Lavant Stream,6,195,22,96,118
065FWF4501,"Westbourne, Lumley and Emsworth on the River Ems",6,618,152,328,480
065FWF4502,West Brook at Emsworth,5,63,33,19,52
065FWF4602,Mid and East Lavant on the River Lavant,8,166,19,115,134
065FWF4603,Westhampnett on the River Lavant,5,285,36,86,122
065FWF4604,Chichester on the River Lavant,8,3154,174,2090,2264
065FWF4702,Bosham on the Bosham Stream,4,272,88,114,202
065FWF4901,Barnham on the Barnham Rife,5,319,106,144,250
065FWF4903,Bersted on the Aldingbourne Rife,4,218,125,62,187
065FWF4904,Felpham on the Aldingbourne Rife,4,281,169,86,255
065FWF5001,Horsham on the River Arun,6,79,31,34,65
065FWF5002,Broadbridge Heath to Pallingham Quay on the River Arun,7,19,9,6,15
065FWF5003,Pulborough on the River Arun,7,67,15,38,53
065FWF5004,Amberley on the River Arun,7,60,21,26,47
065FWF5005,Arundel on the River Arun,7,568,277,223,500
065FWF5006,Ford and Climping on the River Arun,7,210,87,66,153
065FWF5007,Angmering on the Black Ditch,5,84,40,31,71
065FWF5008,Lyminster and Wick on the Black Ditch,6,498,280,165,445
065FWF5009,"Arundel, River Road",1,22,10,5,15
065FWF5011,Horsham on the Boldings Brook,2,51,16,25,41
065FWF5101,Liss to Sheet Mill on the Western River Rother,8,255,102,122,224
065FWF5102,"Durford Mill to Midhurst, including Iping on the Western River Rother",8,54,29,15,44
065FWF5103,Lodsbridge to Shopham Bridge on the Western River Rother,9,18,10,0,10
065FWF5104,Fittleworth on the Western River Rother,7,,,,
065FWF5105,Tilmore Brook through central Petersfield,1,169,32,92,124
065FWF5106,Stanbridge Stream at South Petersfield,1,266,48,178,226
065FWF5107,Midhurst at South Pond and The Wharf,1,59,9,33,42
065FWF5201,"Loxwood, Brewhurst and Drungewick on the River Lox",10,24,17,0,17
065FWF5301,Ferring on the Ferring Rife,6,856,110,507,617
065FWF5401,Coolham and Shipley on the River Adur,4,,,,
065FWF5402,Upper Beeding and Bramber on the River Adur,4,142,78,36,114
065FWF5404,"Mock Bridge, near Shermanbury on the River Adur",1,,,,
065FWF7001,Blackwater and Newport on the River Medina,5,154,15,87,102
065FWF7002,Carisbrooke and Hunny Hill on the Lukely Brook,6,407,75,228,303
065FWF7101,"Whitwell, Wroxall, Langbridge, Alverstone on the Eastern Yar",5,61,9,40,49
065FWF7102,"Sandown, Brading and Bembridge on the Eastern Yar",5,192,58,67,125
065FWF7201,Monktonmead Brook at St Johns,5,26,7,11,18
065FWF7202,Monktonmead Brook at Simeon Street Rec Ground,1,233,96,79,175
065FWF7301,Gurnard on the Gurnard Luck,4,48,31,2,33
065FWF7401,Freshwater on the Western Yar,4,117,50,48,98
065FWF7501,"Calbourne, Newbridge and Shalfleet on the Caul Bourne",1,23,10,4,14
065FWG016,"Groundwater flooding in East Dean, Charlton, Singleton, West Dean and Chilgrove",1,508,85,0,85
065FWG017,Groundwater flooding Old London Road Patcham,4,150,49,0,49
065FWG019,Groundwater flooding in Stoughton and Walderton,4,51,10,30,40
065WAC150,Milford on Sea to Lymington,17,726,225,0,122
065WAC151,Southampton Water and Hamble,23,5476,1414,0,510
065WAC152,Beaulieu estuary,4,65,33,0,12
065WAC155,Hayling Island,20,2941,1052,0,561
065WAC156,Hillhead to Gosport,12,1897,205,0,132
065WAC158,Portsmouth,11,10628,797,0,374
065WAC160,Fareham to Portchester,11,1164,707,0,68
065WAC161,Port Solent to Brockhampton,3,1158,93,0,43
065WAC162,Langstone to Emsworth Harbour,6,514,300,0,125
065WAC220,Isle of Wight coast,17,2649,757,0,284
065WAC401,Thorney Island to West Itchenor,16,672,210,0,88
065WAC402,Coastal areas of West Wittering to Medmerry,15,2210,188,0,39
065WAC403,Selsey Bill to Elmer,15,4991,938,0,339
065WAC404,Climping Seafront,6,111,70,0,11
065WAC405,Tidal areas of Littlehampton Rope Walk,6,119,95,0,24
065WAC406,Tidal areas of Littlehampton East Bank,5,2308,329,0,132
065WAC407,Coastal areas of Rustington to Shoreham,8,3556,187,0,145
065WAC408,Tidal areas of Shoreham Harbour,16,556,112,0,51
065WAC409,"Inland areas of Shoreham, Lancing and Southwick",17,4239,898,0,338
065WAC410,Coastal areas of Brighton Marina,4,1146,146,0,31
065WAC411,Tidal areas of Newhaven,4,1203,249,0,133
065WAC412,Coastal areas of Seaford seafront,4,718,255,0,48
065WAC413,Inland areas of Seaford,4,559,72,0,32
065WAC414,Tidal Cuckmere,5,,,,
065WAC415,Coastal areas of Eastbourne seafront,5,487,44,0,35
065WAC416,Inland areas of Eastbourne,5,12158,1632,0,690
065WAC417,Coastal areas of Pevensey seafront,8,2102,486,0,300
065WAC418,Inland areas of the Pevensey Levels,6,2762,610,0,367
065WAC419,Coastal areas of Bexhill seafront,4,582,23,0,22
065WAC420,Coastal areas of Bulverhythe,6,766,201,0,81
065WAC421,Coastal areas of Hastings seafront,6,383,12,0,12
065WAF100,Upper Test,3,99,39,0,13
065WAF101,Bourne Rivulet,2,346,144,0,137
065WAF102,River Anton,4,408,65,0,13
065WAF103,Pillhill Brook,3,101,24,0,11
065WAF104,Middle Test,3,240,54,0,24
065WAF105,The Wallops,2,67,19,0,10
065WAF106,River Dun,2,64,25,0,14
065WAF107,River Dever,2,42,9,0,6
065WAF108,Overton to Whitchurch,2,355,78,0,52
065WAF109,Sombourne Stream,2,137,77,0,40
065WAF111,Lower Test,15,315,171,0,72
065WAF112,Romsey Tadburn Lake,11,808,298,0,288
065WAF113,River Blackwater,14,85,18,0,13
065WAF114,Bartley Water,12,522,184,0,62
065WAF115,Tanners Brook,5,720,96,0,16
065WAF120,Upper Itchen,13,99,59,0,11
065WAF121,Winchester Itchen,13,497,114,0,33
065WAF122,Lower Itchen,14,256,58,0,33
065WAF123,Monks Brook,11,1809,285,0,69
065WAF124,Mansbridge and Riverside Park,2,39,12,0,3
065WAF129,"Mead End Stream, Denmead",2,347,14,0,12
065WAF130,River Wallington,14,365,101,0,42
065WAF131,Hermitage Stream,13,663,23,0,12
065WAF132,River Hamble,10,156,32,0,19
065WAF133,Upper Meon,14,179,66,0,39
065WAF134,River Alver,10,93,8,0,1
065WAF135,Lavant Stream at Havant,3,432,113,0,14
065WAF136,Lower Meon,3,22,11,0,9
065WAF137,Hedge End,1,516,86,0,74
065WAF138,Whiteley,1,89,14,0,13
065WAF140,Lymington River,11,380,150,0,47
065WAF141,Beaulieu River,10,12,9,0,4
065WAF142,Danes Stream,11,191,27,0,17
065WAF143,"Barton on Sea, New Milton",1,139,20,0,19
065WAF210,River Medina,11,154,15,0,5
065WAF211,Lukely Brook,12,410,75,0,20
065WAF212,Eastern Yar,11,275,75,0,19
065WAF213,"St Johns, Ryde",11,26,7,0,5
065WAF214,Gurnard Luck,11,48,31,0,15
065WAF215,Western Yar,2,117,50,0,4
065WAF216,"Simeon Street Rec Ground, Ryde",1,233,96,0,48
065WAF217,Caul Bourne,1,23,10,0,9
065WAF410,"Bridge Road, Emsworth",2,63,33,0,25
065WAF411,Lower River Ems,15,635,158,0,80
065WAF412,Bosham Stream,12,301,94,0,43
065WAF413,River Lavant,15,3625,230,0,125
065WAF415,Aldingbourne and Barnham Rifes,12,1173,460,0,116
065WAF419,Tilmore Brook Petersfield,1,169,32,0,29
065WAF420,Stanbridge Stream Petersfield,1,269,49,0,39
065WAF421,Western Rother,14,639,170,0,67
065WAF422,River Lox,12,50,21,0,13
065WAF423,Upper Arun,14,206,48,0,35
065WAF424,Lower Arun,16,1185,412,0,116
065WAF425,Black Ditch,2,654,321,0,44
065WAF426,Tidal areas of River Road Arundel,1,22,10,0,10
065WAF427,Boldings Brook,1,95,22,0,21
065WAF431,Ferring Rife,9,856,110,0,44
065WAF432,River Adur West Branch,10,63,3,0,1
065WAF433,River Adur East Branch,4,499,19,0,19
065WAF434,Lower Adur,11,194,84,0,37
065WAF440,Scrase Bridge and West Common Streams,6,184,42,0,21
065WAF441,Upper Ouse,8,79,27,0,20
065WAF442,River Uck,9,332,174,0,66
065WAF443,Lower Ouse,9,1749,743,0,377
065WAF444,Winterbourne Stream,8,400,128,0,63
065WAF451,Cuckmere River,10,63,25,0,20
065WAF452,Langney Haven,10,900,291,0,141
065WAF453,Combe Haven,10,271,148,0,45
065WAF454,Hollington Stream,2,40,3,0,2
065WAF455,Polegate and Wannock,1,247,44,0,36
065WAF456,Hastings Blacklands,1,313,25,0,23
111FAGCCGW,Groundwater flooding in the Cranborne Chase area,5,26118,1275,0,776
111FAGSPGW,Groundwater flooding in the Salisbury Plain area,2,66806,2159,0,1664
111FAGWDGW,Groundwater flooding in the West of Dorset,7,28591,1151,0,915
111FWBAVOL613,Lower Avon at Christchurch,4,311,127,134,261
111FWBPOOH013,Poole Harbour at Wareham,8,77,27,27,54
111FWCECD022,Dorset coast at Preston Beach,14,26,3,15,18
111FWCSWBY001,Dorset coast at Swanage Bay,5,176,61,43,104
111FWCWBEB010,West Bay East Beach,1,150,63,42,105
111FWCWCD011,Dorset coast at Chiswell,9,154,94,40,134
111FWCWEYS001,Weymouth Seafront at The Esplanade,6,24,1,12,13
111FWCWEYS002,"Weymouth Seafront at Chelmsford St, Crescent St, Derby St, and Stanley St in Weymouth",5,502,159,223,382
111FWCWEYS003,Weymouth Seafront at Weymouth Town,5,701,159,379,538
111FWFALN111,River Allen at Wimborne,4,127,23,67,90
111FWFALN112,River Allen at Wimborne Town Centre,4,245,46,93,139
111FWFASK140,River Asker from Askerswell to Bradpole,7,,,,
111FWFASK141,"River Asker from East Bridge Roundabout to Morrisons, Bridport",10,21,13,0,13
111FWFASK142,River Asker at Bridport,10,145,44,70,114
111FWFAVOL610,Lower Avon from Ringwood to Christchurch,13,255,44,159,203
111FWFAVOL611,Lower Avon at The Bridges and Stubbings Meadow in Ringwood,8,24,9,9,18
111FWFAVOL612,Lower Avon at Ringwood Town,12,233,40,134,174
111FWFAVOM501,"Middle Hampshire Avon at The Friary and City Centre, Salisbury",6,1432,184,681,865
111FWFAVOM502,"Middle Hampshire Avon at St Marys Cathedral area, Salisbury",8,62,10,34,44
111FWFAVOM503,"Middle Hampshire Avon at The Close and West Harnham, Salisbury",7,212,81,83,164
111FWFAVOM504,"Middle Hampshire Avon at Southampton Road Retail and Business Parks, Salisbury",7,61,5,17,22
111FWFAVOM510,Middle Hampshire Avon from Salisbury to Ringwood,13,85,18,49,67
111FWFAVOM511,"Middle Hampshire Avon at Britford, Salisbury",1,24,15,3,18
111FWFAVOM513,Middle Avon at Downton village centre,7,205,111,66,177
111FWFAVOM514,Middle Avon at Downton,8,17,7,4,11
111FWFAVOM515,Middle Avon at Fordingbridge,8,473,109,256,365
111FWFAVOU410,"Upper Hampshire Avon, Upavon to Amesbury",12,333,79,176,255
111FWFAVOU430,Upper Hampshire Avon from Amesbury to Stratford sub Castle near Salisbury,8,34,16,14,30
111FWFAVOU440,"Upper Hampshire Avon at Stratford sub Castle, low lying properties, Salisbury",1,,,,
111FWFAVOU441,"Upper Hampshire Avon at Stratford sub Castle, Salisbury",1,28,9,11,20
111FWFAVOU450,"Upper Hampshire Avon at St Pauls and City Centre, Salisbury",1,598,90,355,445
111FWFAVOU451,"Upper Hampshire Avon at Millstream and Avon Approach, Salisbury",1,,,,
111FWFBOU700,River Bourne from Burbage to Collingbourne Kingston,6,61,29,29,58
111FWFBOU710,River Bourne at Tidworth and Shipton Bellinger Village Centres,12,55,32,14,46
111FWFBOU711,River Bourne at Tidworth and Shipton Bellinger,6,27,15,8,23
111FWFBOU720,River Bourne from Parkhouse Corner to Porton,6,105,64,34,98
111FWFBOU730,River Bourne from Winterbourne Gunner to Southampton Road in Laverstock,6,28,15,8,23
111FWFBOU740,"River Bourne at Southampton Road Industrial Park, Salisbury",6,,,,
111FWFBRD160,River Bride from Long Bredy to Burton Bradstock,7,,,,
111FWFBRD161,River Bride at Burton Bradstock,7,44,31,7,38
111FWFBRT110,"River Brit at Newtown, and Southgate Old Mill, Beaminster",8,,,,
111FWFBRT111,River Brit at Beaminster,7,41,11,21,32
111FWFBRT112,River Brit at Beaminster Town Centre,7,77,18,39,57
111FWFBRT120,River Brit at Netherbury,7,,,,
111FWFBRT130,"River Brit at Pymore Island and Queenwell, Pymore",10,,,,
111FWFBRT131,River Brit at Pymore Village,7,19,12,0,12
111FWFBRT140,River Brit at Skilling Playing Fields and West Bay Road Nursery,6,,,,
111FWFBRT141,River Brit at Bridport Trading Estates,6,76,19,18,37
111FWFBRT142,"River Brit at West Bridge, Bridport",7,64,13,34,47
111FWFBRT143,"River Brit at Priory Mills, Bridport",6,77,14,44,58
111FWFBRT144,River Brit from South Bridge to A35 Roundabout,6,40,11,19,30
111FWFBRT145,River Brit at Bothenhampton,7,107,48,37,85
111FWFBRT150,"River Brit at Riverside and George Street, West Bay",8,16,8,0,8
111FWFBRT151,River Brit at West Bay,7,190,84,52,136
111FWFCALE001,"River Cale at Wincanton, riverside properties",4,,,,
111FWFCALE002,River Cale at Wincanton,2,70,10,37,47
111FWFCHA110,River Char at Dolphins River Caravan Park,2,,,,
111FWFCHA111,River Char at Charmouth,11,,,,
111FWFEBBL511,River Ebble from Ebbesbourne to Nunton,6,70,29,30,59
111FWFFROL310,Lower Frome from Dorchester to East Stoke,12,153,20,91,111
111FWFFROL320,Lower Frome from East Stoke to Wareham,10,46,19,18,37
111FWFFROU210,Upper Frome from Maiden Newton to Dorchester,10,91,26,44,70
111FWFFROU211,Upper Frome at Maiden Newton,3,46,28,6,34
111FWFFROU216,Upper Frome at Dorchester,8,315,81,134,215
111FWFLIM101,"River Lim from Uplyme to Lyme Regis, riverside properties",2,60,19,24,43
111FWFLIM102,River Lim from Uplyme to Lyme Regis,2,43,10,18,28
111FWFMAN100,Mangerton River from Powerstock to Bradpole,7,,,,
111FWFNAD220,"River Nadder, Tisbury to West Harnham",13,206,71,92,163
111FWFNAD227,River Nadder at West Harnham,7,271,158,95,253
111FWFNAD231,"River Nadder at South Street, Wilton",8,13,8,0,8
111FWFPIDD410,River Piddle from Alton Pancras to Wareham,9,161,75,52,127
111FWFSTOL800,Lower Stour from Sturminster Marshall to Christchurch,13,42,22,13,35
111FWFSTOL801,Lower Stour from Longham to Christchurch,5,887,399,348,747
111FWFSTOL811,Lower Stour at Cowgrove,12,12,6,0,6
111FWFSTOL812,Lower Stour at Canford,8,,,,
111FWFSTOL816,Lower Stour at Holdenhurst Village,10,28,14,6,20
111FWFSTOL817,"Lower Stour at Jumpers Common and A35 Iford Bridge area, Christchurch",10,542,278,198,476
111FWFSTOL819,Lower Stour at Iford Bridge Home Park,10,80,75,0,75
111FWFSTOL821,Lower Stour at Beaulieu Garden Park Home Site,13,16,5,11,16
111FWFSTOL822,Lower Stour at Stour Park Homes,11,64,25,22,47
111FWFSTOL823,Lower Stour at Redhill and Wheatplot Home Sites,10,21,13,0,13
111FWFSTOL824,Lower Stour at Grove Farm Meadow Holiday Park,10,,,,
111FWFSTOM710,Middle Stour from Hammoon to Sturminster Marshall,15,73,31,29,60
111FWFSTOM711,Rivers Stour and Iwerne at Stourpaine,1,19,14,0,14
111FWFSTOM714,Middle Stour at Blandford,10,497,172,178,350
111FWFSTOM718,Middle Stour at Shapwick,10,19,10,0,10
111FWFSTOM719,Middle Stour at Sturminster Marshall,9,105,64,32,96
111FWFSTOU610,Upper Stour from Gillingham to Hammoon,15,66,38,20,58
111FWFSTOU611,Upper Stour at Gillingham Town Centre,12,22,13,10,23
111FWFSTOU612,Upper Stour at Gillingham High Street,10,33,19,10,29
111FWFSTOU613,Upper Stour at Gillingham,9,133,67,50,117
111FWFSTOU621,"River Lodden at Bridge Close, Gillingham",10,13,11,0,11
111FWFSTOU630,Shreen Water from Colesbrook to Bay Bridge,8,13,6,0,6
111FWFSTOU631,Shreen Water at Gillingham,8,18,12,0,12
111FWFSWAN910,Swan Brook at Swanage,9,595,220,169,389
111FWFWEY510,River Wey from Upwey to Weymouth,9,120,57,44,101
111FWFWIN001,River Winniford at Chideock,1,25,7,12,19
111FWFWYL110,Upper Wylye from Brixton Deverill to Warminster,8,221,73,96,169
111FWFWYL115,Lower Wylye at Wilton Town,8,289,119,108,227
111FWFWYL120,Lower Wylye from Warminster to Wilton,9,86,37,29,66
111FWGALL101,Groundwater flooding in the Allen Vale at Sixpenny Handley,4,233,22,0,22
111FWGALL102,Groundwater flooding in the Allen Vale at Monkton Up Wimborne and Wimborne St Giles,4,45,3,0,3
111FWGALL103,Groundwater flooding in the Lower Allen Vale,5,182,4,0,4
111FWGAVOM2,Groundwater flooding for the Avon valley from Amesbury to the north of Salisbury,5,29,10,0,10
111FWGAVOU1,Groundwater flooding in the upper Avon valley and the Nine Mile river,2,94,34,0,34
111FWGBER2,Groundwater flooding for the Bere Stream,3,321,24,0,24
111FWGBERE202,Groundwater flooding for the Bere Stream at Bere Regis,3,13,3,0,3
111FWGBOU1,Groundwater flooding in the Bourne Valley - The Collingbournes,4,114,25,0,25
111FWGBOU2,Groundwater flooding in the Bourne Valley from North Tidworth to the A303,4,857,101,0,101
111FWGBOU3,Groundwater flooding in the Bourne Valley - The Winterbournes,4,689,108,0,108
111FWGCCWH1,Groundwater flooding in the Cranborne Chase in West Hampshire - Damerham and Martin,3,75,1,0,1
111FWGCCWH2,Groundwater flooding in the Cranborne Chase in West Hampshire - Rockbourne,2,21,8,0,8
111FWGCER3,Groundwater flooding in the Cerne Valley,3,222,36,0,36
111FWGCHIT1,Groundwater flooding in the Chitterne Valley,3,232,47,0,47
111FWGCRA2,Groundwater flooding for the Crane,4,197,9,0,9
111FWGCRI3,Groundwater flooding for the Crichel,3,59,0,0,0
111FWGDEV4,Groundwater flooding for the Devils Brook,4,87,11,0,11
111FWGEBBV1,Groundwater flooding for the Ebble Valley,4,765,80,0,80
111FWGGUS4,Groundwater flooding for the Gussage,4,164,4,0,4
111FWGHOK5,Groundwater flooding for the Hooke,4,53,16,0,16
111FWGIWE5,Groundwater flooding for the Iwerne,3,438,36,0,36
111FWGNWV1,"Groundwater flooding for the North Winterborne, north of the A354",4,443,36,0,36
111FWGNWV2,"Groundwater flooding for the North Winterborne, south of the A354",5,360,57,0,57
111FWGPID1,Groundwater flooding for the Piddle Valley,4,752,93,0,93
111FWGPIM6,Groundwater flooding for the Pimperne Brook,3,203,13,0,13
111FWGSWDCM2,Groundwater flooding in the South Wiltshire Downs - The Chilmark,4,62,12,0,12
111FWGSWDENE1,Groundwater flooding in the South Wiltshire Downs - The Dene,4,171,17,0,17
111FWGSWDTEF3,Groundwater flooding in the South Wiltshire Downs - The Teffont,3,56,10,0,10
111FWGSWV1,Groundwater flooding for the South Winterbourne Valley,5,350,95,0,95
111FWGSYD6,Groundwater flooding for the Sydling,3,115,20,0,20
111FWGTAR7,Groundwater flooding for the Tarrant Valley,4,390,42,0,42
111FWGTILL1,Groundwater flooding for the Till,3,392,46,0,46
111FWGWYLV101,Groundwater flooding for the Wylye Valley,5,99,30,0,30
111FWGWYLV102,Groundwater flooding for the Wylye Valley at Warminster,3,539,51,0,51
111FWGWYLV103,Groundwater flooding for the Wylye Valley at Wilton,3,324,123,0,123
111FWTCHXH011,Christchurch Harbour Side,7,353,154,110,264
111FWTCHXH012,Dorset coast at Christchurch,9,651,285,263,548
111FWTLYMH010,Lyme Regis Harbour,2,,,,
111FWTPOOH010,Poole Harbour at the Town Quay,10,312,128,130,258
111FWTPOOH011,Poole Harbour at Hamworthy Park,9,87,14,47,61
111FWTPOOH012,Poole Harbour at West Quay and Lower Hamworthy Quay,7,1312,251,663,914
111FWTPORH010,Portland Harbour at Ferry Bridge,3,,,,
111FWTPORH011,Portland Harbour at Osprey Quay,3,117,24,28,52
111FWTWBH010,West Bay Harbour and Esplanade,5,189,89,38,127
111FWTWEYH001,"Weymouth Harbour at Lakeside Walk, Hope Street and Nothe Parade",8,115,23,65,88
111FWTWEYH002,Weymouth Harbour at Weymouth Harbourside,7,191,62,64,126
111FWTWEYH003,Weymouth Harbour at Weymouth Town,5,364,72,168,240
111WACECD,East coast of Dorset,15,4311,1163,0,239
111WACWCD,West coast of Dorset,14,638,285,0,92
111WAFALEN,River Allen and tributaries,12,400,71,0,22
111WAFAVOL,Lower Avon and tributaries,15,746,99,0,55
111WAFAVOM,Middle Hampshire Avon and tributaries,14,2860,519,0,260
111WAFAVOU,Upper Hampshire Avon and tributaries,14,1450,210,0,151
111WAFBOU,River Bourne and tributaries,12,322,175,0,79
111WAFCALE,River Cale and tributaries,4,118,24,0,17
111WAFEBBL,River Ebble and tributaries,3,66,28,0,14
111WAFFROL,Lower Frome and tributaries,14,411,96,0,73
111WAFFROU,Upper Frome and tributaries,14,524,157,0,94
111WAFNADD,River Nadder and tributaries,13,1002,250,0,116
111WAFPIDD,River Piddle and tributaries,12,237,88,0,37
111WAFPURB,Purbeck Rivers and Streams,17,685,223,0,35
111WAFSTOL,Lower Stour and tributaries,16,2545,928,0,261
111WAFSTOM,Middle Stour and tributaries,13,1193,368,0,143
111WAFSTOU,Upper Stour and tributaries,18,451,187,0,52
111WAFWDRS,West Dorset Rivers and Streams,19,1551,494,0,248
111WAFWEYR,Weymouth Rivers and Streams,12,551,66,0,49
111WAFWYLE,River Wylye and tributaries,13,1143,303,0,138
111WATCHXH,Christchurch Harbour,16,1333,568,0,105
111WATPOOH,Dorset coast at Poole Harbour,13,2170,312,0,93
111WATWBYH,West Bay Harbour,16,377,168,0,32
111WATWEYH,Weymouth Harbour,14,1464,426,0,74
112FWFALL10A,River Aller,4,13,10,0,10
112FWFAVN10A,Bristol Avon (upper) from Malmesbury to Chippenham,8,111,39,52,91
112FWFAVN20A,"Bristol Avon (upper) at Chippenham, riverside properties",3,86,13,55,68
112FWFAVN20B,"Bristol Avon (upper) at Chippenham, other properties set back from the river",2,288,59,149,208
112FWFAVN30A,Bristol Avon (upper) from Chippenham to Melksham,2,25,14,5,19
112FWFAVN40A,Bristol Avon (mid) at Melksham,9,177,82,51,133
112FWFAVN50A,"Bristol Avon (middle) from Melksham to Bathford, not including Bradford on Avon",13,25,13,5,18
112FWFAVN55A,Bristol Avon (middle) at Bradford on Avon,12,351,148,150,298
112FWFAVN60A,"Bristol Avon at Bath, riverside properties",6,47,26,15,41
112FWFAVN60B,"Bristol Avon at Bath, low lying properties set back from the river",4,778,211,301,512
112FWFAVN60C,"Bristol Avon at Bath, other properties set back from the river",4,1094,94,600,694
112FWFAVN60D,"Bristol Avon at Bath, properties furthest from the river",6,2265,149,1260,1409
112FWFAVN70A,Bristol Avon (lower) from Twerton to Bristol,11,229,136,63,199
112FWFBAR10A,Barwick Stream at Stoford,8,181,15,122,137
112FWFBFR10A,"Bristol Frome at Chipping Sodbury and Yate, Vayre Close, Manor Way, Celestine Road and Nibley Lane",6,85,43,32,75
112FWFBFR10B,"Bristol Frome at Chipping Sodbury and Yate, Grace Close, Bennetts Court, Station Road and Oak Close",6,210,54,93,147
112FWFBFR10C,"Bristol Frome at Chipping Sodbury and Yate, Brook Street, Highway, Broadway and Melrose Avenue",6,193,23,124,147
112FWFBFR10D,"Bristol Frome at Chipping Sodbury and Yate, Wickham and Jenner Close, Walshe Avenue and Hatters Lane",2,135,40,74,114
112FWFBFR10E,"Bristol Frome at Chipping Sodbury and Yate, Quarry Road, Streamside Road and Blenheim Drive",2,109,18,54,72
112FWFBFR15A,Bristol Frome from downstream of Nibley to Stapleton,12,87,35,43,78
112FWFBFR20A,"Bristol Frome from Stapleton to Bristol Floating Harbour, riverside properties",5,172,25,100,125
112FWFBFR20B,"Bristol Frome from Stapleton to Bristol Floating Harbour, low lying property set back from the river",6,351,55,214,269
112FWFBFR20C,"Bristol Frome from Stapleton to Bristol Floating Harbour, other properties set back from the river",6,342,24,234,258
112FWFBFR30A,"Bristol Floating Harbour and the River Avon at Bristol, riverside properties",9,435,46,194,240
112FWFBFR30B,"Bristol Floating Harbour and the River Avon at Bristol, low lying properties set back from the river",9,41,12,7,19
112FWFBFR30C,"Bristol Floating Harbour and the River Avon at Bristol, other properties set back from the river",8,935,60,468,528
112FWFBFR30D,"Bristol Floating Harbour and the River Avon at Bristol, properties furthest from the river",8,1196,88,534,622
112FWFBIS10A,River Biss upstream and downstream of Trowbridge,3,79,16,49,65
112FWFBIS10B,River Biss at Trowbridge,3,134,9,50,59
112FWFBOY10A,River Boyd at Wick,6,,,,
112FWFBRI10A,"Brislington Brook, riverside properties",5,24,1,16,17
112FWFBRI10B,"Brislington Brook, low lying properties set back from the river",3,216,28,153,181
112FWFBRI10C,"Brislington Brook, other properties set back from the river",3,520,36,370,406
112FWFBRO10A,Broadmead Brook at West Kington,6,,,,
112FWFBRU10A,River Brue (upper) from Bruton Dam to Lovington,8,29,9,17,26
112FWFBRU20A,River Brue (upper) at Bruton Town,9,82,22,32,54
112FWFBRU30A,"River Brue and Glastonbury Millstream from Lovington to Highbridge, low lying properties",2,,,,
112FWFBRU30B,River Brue and Glastonbury Millstream from Lovington to Highbridge,2,85,23,43,66
112FWFBYB10A,By Brook at Castle Combe,1,23,13,3,16
112FWFCAM10A,River Cam,10,163,100,43,143
112FWFCAN10A,Cannington Brook at Cannington,3,300,57,167,224
112FWFCHE10A,Chew Stoke Stream and River Chew at Chew Stoke and Chew Magna,3,84,46,21,67
112FWFCHE20A,River Chew from Stanton Drew to the Bristol Avon at Keynsham,4,132,64,48,112
112FWFCON10A,Congresbury Yeo from Wrington to Congresbury,9,142,37,74,111
112FWFCON20A,Congresbury Yeo at Congresbury,9,223,141,52,193
112FWFCUR10A,Curry Moor and Hay Moor,13,,,,
112FWFDAU10A,"Dauntsey Brook at Dauntsey, Old Sodom Lane and The Green areas",6,43,34,2,36
112FWFDAU10B,"Dauntsey Brook at Dauntsey, Olivemead Lane, Sodom Lane, Church Lane and Swallet Gate areas",5,45,23,15,38
112FWFDON10A,Doniford Stream in the Sampford Mill Farm area,6,,,,
112FWFDON10B,Doniford Stream at Sampford Brett and upstream properties,6,,,,
112FWFDON20A,Doniford Stream at Swill Bridge,7,,,,
112FWFDON20B,Doniford Stream at Doniford,6,20,13,0,13
112FWFEAS10A,A361 East Lyng to Burrowbridge,6,11,7,0,7
112FWFHAL10A,Halsewater Stream at Norton Fitzwarren,8,447,84,264,348
112FWFHAW10A,Hawkcombe Stream from Hawkcombe Valley to Porlock bowling green,8,25,10,10,20
112FWFHAW20A,Hawkcombe Stream at Porlock centre,7,48,14,16,30
112FWFHIL10A,Hillfarrance Brook at Hillfarrance,8,37,30,0,30
112FWFHOR10A,Horner Water,10,,,,
112FWFISL10A,River Isle from Chard Reservoir to Hambridge not including Ilminster,12,59,32,15,47
112FWFISL10B,River Isle at Ashford Mill and Ilford Bridges,9,11,7,0,7
112FWFISL10C,River Isle at Ilminster,2,192,67,74,141
112FWFMCW20A,"Midford Brook, Cam and Wellow Brooks",12,84,22,40,62
112FWFMEL10A,River Mells and Whatley Brook,3,59,31,16,47
112FWFMON10A,Monksilver Stream from Combe Sydenham to Williton,7,36,10,16,26
112FWFMON20A,"Monksilver Stream at Williton, High Street, Fore Street and Long Street area",6,290,70,153,223
112FWFMON20B,"Monksilver Stream at Williton, Doniford Road, Recreation Ground and Industrial Estate areas",7,188,26,104,130
112FWFMTM10A,"River Yeo and River Parrett Moors, low lying properties around Muchelney",8,18,9,0,9
112FWFNUN10A,Nunney Brook,3,46,33,9,42
112FWFPAR10A,River Parrett (upper) from South Perrott to Thorney,8,11,8,0,8
112FWFPAR20A,River Parrett (upper) at Thorney and Kingsbury Episcopi,11,35,23,5,28
112FWFPAR30A,River Parrett (lower) at Langport Westover Trading Estate,12,280,146,97,243
112FWFPAX10A,Paxcroft Brook and Lambrok Stream,4,47,7,36,43
112FWFSAL10A,Salt Moor and North Moor including Moorland,13,130,104,13,117
112FWFSAV10A,Sherston Avon from Luckington to Malmesbury,7,29,23,0,23
112FWFSAV20A,Sherston Avon at Malmesbury,5,45,30,7,37
112FWFSEM10A,Semington Brook from upper reaches to Semington,9,40,21,15,36
112FWFSFR10A,Somerset Frome from Witham Friary to Frome,9,146,44,81,125
112FWFSFR20A,Somerset Frome at Frome,9,133,10,73,83
112FWFSFR30A,Somerset Frome from Frome to Freshford,8,46,24,15,39
112FWFSHE10A,River Sheppey,7,300,78,156,234
112FWFSTA10A,Stan Moor including Curload and Athelney,3,109,58,24,82
112FWFTAV10A,Tetbury Avon at Malmesbury,6,103,28,58,86
112FWFTON10A,River Tone from Waterrow to Taunton,9,104,43,34,77
112FWFTON20A,"River Tone at Taunton, riverside properties",11,89,14,43,57
112FWFTON20B,"River Tone at Taunton, low lying properties set back from the river",2,755,147,374,521
112FWFTON20C,"River Tone at Taunton, other properties set back from the river",3,1370,329,727,1056
112FWFTON30A,"River Tone from Bathpool to Ham including Ruishton and Creech St Michael, riverside properties",6,23,17,0,17
112FWFTON30B,River Tone from Bathpool to Ham including Ruishton and Creech St Michael,5,402,172,161,333
112FWFWAS10A,"Washford River, riverside properties from Kingsbridge to Lower Roadwater",11,25,12,6,18
112FWFWAS10B,Washford River from Roadwater to Watchet,9,147,38,63,101
112FWFWEL11A,"Wellow Brook and River Somer at Midsomer Norton and Radstock, Thicketmead Bridge and Coombend areas",6,64,23,23,46
112FWFWEL11B,"Wellow Brook and River Somer at Midsomer Norton and Radstock, Riverside, Welton and Mill Road areas",6,121,16,50,66
112FWFWIN10A,Winford Brook at Chew Magna,8,57,41,9,50
112FWFWRI10A,River Wriggle at Chetnole,2,39,22,16,38
112FWFWRI20A,River Wriggle at Yetminster,3,70,31,27,58
112FWFYEO10A,River Yeo from Sherborne to Yeovil,10,68,9,37,46
112FWFYEO20A,River Yeo from Yeovil to Limington,10,13,4,0,4
112FWFYEO20B,River Yeo at Mudford,9,27,11,6,17
112FWFYEO30A,River Yeo from Limington to Langport,3,325,100,158,258
112FWFYEO30B,River Yeo at Yeovilton,8,57,13,36,49
112FWFYEO30C,River Yeo at Ilchester,8,382,150,165,315
112FWFYEO30D,River Yeo at Ilchester Mead,3,37,26,2,28
112FWTASH01,Colliters Brook at Ashton Vale,10,75,24,32,56
112FWTAVN01,"Severn Estuary at Avonmouth, seafront properties",3,19,9,2,11
112FWTAVN02,Severn Estuary at Avonmouth,3,1864,378,1019,1397
112FWTBLU01,"Somerset coast at Blue Anchor, seafront properties",3,12,6,0,6
112FWTBLU02,"Somerset coast at Blue Anchor, properties located behind the seafront",2,,,,
112FWTBRE01,"Somerset coast at Brean, Brean Down Cove area",3,11,4,0,4
112FWTBRE02,"Somerset coast at Brean, Red Road and Weston Road areas",2,57,4,22,26
112FWTBRE03,Somerset coast at Brean and Lympsham,3,666,48,450,498
112FWTBRI01,"Tidal River Parrett at Bridgwater, Manley Gardens and East Quay areas",3,72,6,48,54
112FWTBRI02,"Tidal River Parrett at Bridgwater, Taunton Road, Robins Drive and Bristol Road Business Park areas",2,515,49,277,326
112FWTBRI03,"Tidal River Parrett at Bridgwater, Moorland, Burrowbridge and Stathe",3,16862,1344,11324,12668
112FWTBST01,Tidal River Avon from Sea Mills to Conham,6,226,69,71,140
112FWTBUR01,"Somerset coast at Burnham-on-Sea, seafront properties",3,265,19,143,162
112FWTBUR02,"Somerset coast at Burnham-on-Sea, properties located behind the seafront",2,664,63,367,430
112FWTBUR03,"Somerset coast at Burnham-on-Sea, Huntspill, Highbridge and Berrow",2,12269,1151,8162,9313
112FWTCLE01,"Somerset coast at Clevedon, seafront properties",3,11,3,0,3
112FWTCLE02,"Somerset coast at Clevedon, properties located behind Marshalls Field",2,1657,272,1063,1335
112FWTCLE03,Somerset coast at Clevedon,2,5475,690,3628,4318
112FWTCOM01,"Tidal River Parrett at Chilton Trinity and Combwich, low lying properties",4,13,1,4,5
112FWTCOM02,"Tidal River Parrett at Chilton Trinity, Combwich and Dunball",3,839,107,458,565
112FWTDUN01,"Somerset coast at Dunster Beaches, seafront and chalet area",3,56,17,2,19
112FWTDUN02,"Somerset coast at Dunster Beaches, Lower Marsh area",3,,,,
112FWTKEW01,"Somerset coast at Kewstoke and Sand Bay, Sand Point area",3,,,,
112FWTKEW02,"Somerset coast at Kewstoke and Sand Bay, Beach Road area",3,136,82,31,113
112FWTKEW03,Somerset coast at Kewstoke and Sand Bay,2,393,194,145,339
112FWTKIN01,"Somerset coast at Kingston Seymour, seafront properties",3,52,27,14,41
112FWTKIN02,Somerset coast at Kingston Seymour,2,183,104,50,154
112FWTKIN03,"Somerset coast at Kingston Seymour, Wick St Lawrence, Hewish and Kenn",2,1642,273,910,1183
112FWTMIN01,"Somerset coast at Minehead, seafront properties",3,41,17,12,29
112FWTMIN02,"Somerset coast at Minehead, properties located behind the seafront",3,164,81,42,123
112FWTMIN03,"Somerset coast at Minehead, Marsh Common and Seaward Way areas",2,661,258,267,525
112FWTNOR01,"Severn Estuary at Northwick, Old Passage and Northwick Warth areas",3,11,8,0,8
112FWTNOR02,Severn Estuary at Northwick,2,25,18,0,18
112FWTNOR03,Severn Estuary at Northwick and Aust,2,141,54,68,122
112FWTOLD01,"Severn Estuary at Oldbury-on-Severn, Oldbury Naite and Littleton Warth areas",3,19,14,0,14
112FWTOLD02,"Severn Estuary at Oldbury-on-Severn, Chapel Road and Olveston Common areas",3,109,79,19,98
112FWTOLD03,"Severn Estuary at Oldbury-on-Severn, Westend, Cowhill and Olveston areas",2,123,29,70,99
112FWTPIL01,"Tidal River Avon at Pill and Shirehampton, Watch House Road and Station Road areas",2,27,14,7,21
112FWTPIL02,"Tidal River Avon at Pill and Shirehampton, Nibley Road and Wellington Mews areas",3,20,7,5,12
112FWTPIL03,Tidal River Avon at Pill and Shirehampton,2,237,68,102,170
112FWTPOR01,Somerset coast at Porlock Weir,3,28,16,4,20
112FWTPRT01,"Somerset coast at Portishead and Portbury Dock, seafront properties and Portbury Dock areas",4,,,,
112FWTPRT02,"Somerset coast at Portishead and Portbury Dock, Portbury Wharf and Common and Gordano Valley areas",2,4334,1311,1877,3188
112FWTSEV01,"Severn Estuary at Severn Beach, seafront properties",3,65,42,16,58
112FWTSEV02,"Severn Estuary at Severn Beach, properties located behind the seafront",2,833,615,160,775
112FWTSEV03,Severn Estuary at Severn Beach and Pilning,2,783,445,226,671
112FWTSHA01,"Severn Estuary from Sharpness to Oldbury-on-Severn, Shepperdine and Oldbury Power Station areas",3,28,14,5,19
112FWTSHA02,"Severn Estuary from Sharpness to Oldbury-on-Severn, Clapton, Hill and Nupdown areas",2,70,44,23,67
112FWTSHA03,Severn Estuary from Sharpness to Oldbury-on-Severn,2,156,36,86,122
112FWTSTE01,"Somerset coast at Steart and Stolford, seafront properties",3,,,,
112FWTSTE02,"Somerset coast at Steart and Stolford, properties located behind the seafront",3,14,13,0,13
112FWTSTE03,"Somerset coast at Steart, Stolford and Stretcholt",3,122,23,78,101
112FWTUPH01,"Somerset coast at Uphill, Slimeridge Farm and the Boat Yard areas",3,,,,
112FWTUPH02,Somerset coast at Uphill,3,727,170,396,566
112FWTWSM01,"Somerset coast at Weston-super-Mare, seafront properties",3,93,19,49,68
112FWTWSM02,"Somerset coast at Weston-super-Mare, properties located behind the seafront",3,1128,80,652,732
112FWTWSM03,Somerset coast at Weston-super-Mare,4,26244,1365,18754,20119
112WAFBCR,"Bridgwater, Cannington and Combwich rivers",3,2502,258,0,167
112WAFRTC,River Tone catchment,14,4338,870,0,300
112WAFTBFC,Bristol Frome catchment,13,5177,369,0,167
112WAFTESR,East Somerset Rivers,12,11896,1114,0,475
112WAFTLAC,Little Avon catchment and the Vale of Berkeley,10,261,35,0,21
112WAFTLBA,Lower Bristol Avon area,12,14184,1159,0,672
112WAFTMBA,Mid Bristol Avon area,10,994,261,0,119
112WAFTMBC,Midford Brook catchment,9,316,61,0,22
112WAFTNSA,North Somerset area,11,17676,2074,0,748
112WAFTPM,Lower Tone and Parrett Moors,6,593,218,0,104
112WAFTRBC,River Biss catchment,10,554,36,0,23
112WAFTRCC,River Chew catchment,13,264,135,0,80
112WAFTSES,"South East Somerset Rivers, Upper Reaches",9,1014,200,0,112
112WAFTSFA,Somerset Frome area,12,467,147,0,63
112WAFTSSR,"South Somerset Rivers, Upper Reaches",11,635,208,0,144
112WAFTUBA,Upper Bristol Avon area,12,1341,325,0,200
112WAFTWSS,West Somerset Streams,14,2941,418,0,195
112WAFYPB,"River Yeo and Parrett, Bridgwater to the Coast",1,12281,804,0,440
112WAFYPL,"River Yeo and Parrett, The Levels",2,1290,326,0,157
112WAFYPM,River Yeo and River Parrett Moors around Muchelney and Thorney,5,89,32,0,28
112WAFYPU,"River Yeo and Parrett, Upper Reaches",1,115,25,0,18
112WAFYPY,"River Yeo and Parrett, Yeovilton to Huish Episcopi",1,577,209,0,64
112WATAVN1,"Tidal River Avon at Bristol, Pill and Shirehampton",6,526,157,0,54
112WATSOM1,Somerset coast at Porlock Weir,4,28,16,0,6
112WATSOM2,"Somerset coast at Dunster Beaches, Blue Anchor, Steart, Stolford and Brean",5,957,128,0,78
112WATSOM3,"Somerset coast at Minehead, Bridgwater, Burnham-on-Sea and Uphill to Kingston Seymour",4,62923,5409,0,2325
112WATSOM4,Somerset coast at Clevedon,5,7143,965,0,340
112WATSOM5,Somerset coast at Portishead and Portbury Dock,5,4313,1311,0,113
112WATSVN1,Severn Estuary at Severn Beach,3,1681,1102,0,110
112WATSVN2,"Severn Estuary at Oldbury-on-Severn, Northwick and Avonmouth",3,2565,683,0,164
113FWB2F1B,River Teign and its estuary at Kingsteignton,11,327,38,193,231
113FWB2F1E,River Teign and its Estuary at Newton Abbot,3,914,145,533,678
113FWBDAR03,Tidal River Dart at Totnes,9,924,215,423,638
113FWBEXE14,Exe Estuary at Exminster,5,182,81,67,148
113FWC2T1A1,South Devon coast at the Kingsbridge and Avon estuaries,10,406,175,110,285
113FWC2T1A2,"South Devon coast at Beesands, Torcross, Slapton and Dawlish",9,127,47,37,84
113FWC2T1A3,South Devon Coast from Exmouth to Seaton,8,830,314,294,608
113FWC2T1A4,South Devon coast low-lying areas of the Dart estuary,3,50,31,12,43
113FWC2T1A5,South Devon coast low-lying areas of the Teign Estuary,3,83,36,29,65
113FWC2T1A6,South Devon coast from Bigbury Bay to Start Point,3,,,,
113FWC2T1B,South Devon Coast at Shaldon and Teignmouth,9,1428,206,727,933
113FWC2T1D,South Devon Coast at Sidmouth,8,257,135,73,208
113FWC2T1E,South Devon Coast at Seaton,9,746,239,291,530
113FWC2T1H,South Devon Coast at Torbay,1,67,5,18,23
113FWC2T1J,South Devon Coast at Paignton,7,436,164,171,335
113FWC2T1K,South Devon coast at Exmouth,7,2964,360,1646,2006
113FWC2T2A1,"North Devon coastal communities, including Westward Ho! and Combe Martin",8,185,8,99,107
113FWC2T2A2,Tidal locations in the Taw Torridge Estuary,6,217,117,41,158
113FWC2T2C,North Devon coast at Ilfracombe,5,46,11,16,27
113FWC2T2E,North Devon coast at Lynmouth,3,28,12,6,18
113FWF2A0A,River Erme from Ivybridge to Ermington,9,141,16,68,84
113FWF2B0A,River Avon from Didworthy to Aveton Gifford,12,56,24,26,50
113FWF2B0B,"River Avon at South Brent, Avonwick and Aveton Gifford",4,48,18,16,34
113FWF2C0A,River Dart from Dartmeet to Buckfastleigh,12,72,27,26,53
113FWF2C0C,"River Dart from Buckfastleigh to Totnes, including Staverton",2,24,15,3,18
113FWF2C1A,"River Harbourne at Crowdy Mill, Beenleigh, Bow and Tuckenhay",10,38,20,10,30
113FWF2C1B,River Harbourne at Harbertonford,10,91,37,38,75
113FWF2D0B,River Torridge (Upper) from Bradford to Dolton,9,,,,
113FWF2D0C,"River Torridge (Lower) from Dolton to Bideford, including Taddiport and Weare Giffard",10,140,65,56,121
113FWF2D1A,River Lew at Gribbleford Bridge and Hatherleigh,10,30,7,13,20
113FWF2D2A,Kenwith Stream at Bideford,8,806,66,467,533
113FWF2D3A,"River Okement at Brightley, Jacobstowe and Monkokehampton",10,27,11,9,20
113FWF2D4A,River Okement (East) at Okehampton,9,303,38,137,175
113FWF2D5A,River Okement (West) at Okehampton,10,294,95,129,224
113FWF2D6A,River Waldon from Bradworthy to Bradford,10,,,,
113FWF2E0B,River Caen at Braunton,13,568,192,261,453
113FWF2E1A,River Taw (Upper) from Sticklepath to Taw Bridge,11,50,13,27,40
113FWF2E1B,"River Taw (Lower) from Newnham Bridge to Barnstaple, including Umberleigh",12,65,33,24,57
113FWF2E1C,River Taw (Middle) from Taw Bridge to Newnham Bridge,8,34,11,15,26
113FWF2E1D,River Taw (Upper) at North Tawton,4,52,9,30,39
113FWF2E1E,River Taw (Lower) at Bishops Tawton,4,41,22,10,32
113FWF2E2A,River Yeo at Barnstaple,9,1332,256,770,1026
113FWF2E2B,River Yeo from Collard Bridge to The Old Water Mill at Barnstaple,4,16,7,5,12
113FWF2E3A,"River Bray from Challacombe to Meethe, including Brayford and Clapworthy",10,31,18,5,23
113FWF2E5A,Bradiford Water from Muddiford to Bradiford,10,,,,
113FWF2E5B,Bradiford Water at Bradiford,3,48,31,10,41
113FWF2F0A,River Lemon from Bickington to Newton Abbot,12,11,5,0,5
113FWF2F0B,River Lemon at Newton Abbot,10,1470,168,826,994
113FWF2F1A,River Teign (Upper) from Clifford Bridge to Chudleigh,11,73,35,20,55
113FWF2F1BA,River Teign at Newton Abbot Racecourse,2,39,7,14,21
113FWF2F1C,River Teign (Lower) from Chudleigh to Kingsteignton,4,123,22,62,84
113FWF2F1D,River Teign (Upper) at Dunsford,3,24,14,6,20
113FWF2F2A,River Bovey at Bovey Tracey and Heathfield,11,196,55,95,150
113FWF2F2B,River Bovey from North Bovey to Bovey Parke,2,,,,
113FWF2G0A,River Yeo (Creedy) from Yeoford to Fordton,9,68,28,28,56
113FWF2G0B,River Yeo (Creedy) at Fordton,3,100,35,43,78
113FWF2G1A,River Creedy from Upton Hellions to Cowley,8,41,19,15,34
113FWF2G2A,"River Barle from Simonsbath to Brushford, including Withypool",11,35,20,6,26
113FWF2G2B,River Barle at Dulverton,6,178,38,78,116
113FWF2G4A,River Culm (Upper) from Hemyock to Cullompton,9,104,24,58,82
113FWF2G4B,River Culm (Upper) at Cullompton,9,268,59,128,187
113FWF2G4C,"River Culm (Lower) from Cullompton to Stoke Canon, including Hele",9,66,25,18,43
113FWF2G4E,River Culm (Upper) at Culmstock and Uffculme,4,91,28,48,76
113FWF2G5A,River Batherm at Bampton,10,131,78,28,106
113FWF2G6A,River Lowman at Tiverton,11,553,95,270,365
113FWF2G7A,River Clyst from Broadclyst to Clyst St. Mary,10,41,5,13,18
113FWF2G7B,River Clyst at Clyst St Mary,7,54,50,0,50
113FWF2G7C,River Clyst at Clyst Honiton,3,50,18,25,43
113FWF2G8B,River Haddeo at Hartford and Bury,10,15,8,0,8
113FWF2H0A,River Lyn (East) from Brendon to Lynmouth,10,43,21,16,37
113FWF2H1A,River Lyn (West) at Barbrook and Lynbridge,9,16,0,9,9
113FWF2H2A,River Lyn (East and West) at Lynmouth,7,49,11,18,29
113FWF2I0A,River Otter (Upper) from Upottery to Cadhay Bridge,13,66,25,30,55
113FWF2I0C,River Otter (Lower) at Ottery St. Mary,9,294,136,106,242
113FWF2I0D,River Otter (Lower) from Salston to Budleigh Salterton,7,450,173,199,372
113FWF2I1A,River Sid at Sidbury and Sidford,9,141,67,45,112
113FWF2I1B,River Sid at Sidmouth,10,525,239,166,405
113FWF2J0A,River Coly from Colyton to Colyford,11,47,10,24,34
113FWF2J0B,River Coly at Colyton,4,202,29,117,146
113FWF2J1A,Umborne Brook from Wilmington to Colyton,11,13,6,0,6
113FWF2J2A,"River Axe (Upper) from Winsham to Axminster, including Chard Junction and Weycroft",10,43,27,11,38
113FWF2J2B,River Axe (Mid) at Axminster,8,16,13,0,13
113FWF2J2C,River Axe (Lower) from Axminster to Axmouth,11,18,10,0,10
113FWF2J2D,"River Axe (Lower) at Kilmington, Whitford and Axmouth",4,53,17,24,41
113FWF2J3A,River Yarty from Yarcombe to Axminster,10,,,,
113FWFASHBURTON1,River Ashburn at Ashburton,1,341,59,165,224
113FWFBFASTLEIG1,River Mardle and Dean Burn at Buckfastleigh,1,320,65,165,230
113FWFCOMBEMAR01,River Umber at Combe Martin,1,272,47,150,197
113FWFDAWLISH01,Dawlish Water at Dawlish,1,363,32,219,251
113FWFEXE01,River Exe at Exford,9,24,12,7,19
113FWFEXE02,River Exe at Winsford and Bridgetown,13,40,22,18,40
113FWFEXE03,River Exe from Exebridge to Tiverton,11,72,45,20,65
113FWFEXE04,River Exe at Bolham,5,33,22,6,28
113FWFEXE05,River Exe at Tiverton,12,1435,127,896,1023
113FWFEXE06,River Exe at Tiverton from Petroc College to Mountbatten Trading Estate,4,92,19,32,51
113FWFEXE07,"River Exe from Tiverton to Exeter, including Bickleigh",10,88,39,27,66
113FWFEXE08,River Exe at Up Exe and Thorverton,4,35,25,0,25
113FWFEXE09,River Exe at Oakhay Barton,3,28,6,11,17
113FWFEXE10,Rivers Exe and Culm at Stoke Canon,11,277,169,70,239
113FWFEXE11,River Exe at Exeter,12,7665,991,4431,5422
113FWFEXE12,"River Exe at riverside locations in Exeter, including St Andrew's Road, The Quay and Countess Wear",6,72,27,35,62
113FWFEXE13,"River Exe at vulnerable riverside locations in Exeter, including Exwick Mills and Mill on the Exe",1,,,,
113FWFHONITON01,The Gissage Stream at Honiton,1,266,28,136,164
113FWFLANDKEY01,"Landkey Stream from Swimbridge to Bishop's Tawton, including Landkey",2,106,44,44,88
113FWFMOLE01,River Mole at North Molton and South Molton,2,147,37,50,87
113FWFMOLE02,River Mole at Alswear,3,19,12,0,12
113FWT2T1C,South Devon coast at Dartmouth,10,573,149,200,349
113FWT2T2A3,Tidal River Torridge from Weare Giffard to Bideford,4,154,80,45,125
113FWT2T2A4,Tidal River Taw from Bishops Tawton to Barnstaple,2,23,15,0,15
113FWT2T2B,North Devon coast at Barnstaple,10,1748,159,956,1115
113FWT2T2BA,"North Devon coast at Pilton, The Strand and Rock Park in Barnstaple",4,530,60,325,385
113FWT2T2D,North Devon coast at Bideford,9,868,144,480,624
113FWTSDCEE01,"South Devon coast within the Exe estuary, including Dawlish Warren",6,177,91,41,132
113FWTSDCEE02,South Devon coast at Topsham,2,215,114,58,172
113FWTSDCEE04,South Devon coast at Lympstone,11,127,60,41,101
113FWTSDCEE05,South Devon coast at Starcross and Cockwood,1,528,168,238,406
113WABTW02,Lower Torridge area,12,1241,169,0,72
113WABTW08,"Rivers Otter and Sid, and Exmouth area",10,4687,948,0,386
113WABTW09,River Axe area,10,2080,368,0,191
113WABTW10,Lower Exe area,11,8130,1225,0,576
113WABTW14,River Dart area,9,4601,504,0,264
113WABTW15,South Devon Rivers,8,1661,300,0,152
113WACT1A,South Devon coast from Plymouth to Start Point,10,,,,
113WACT1B,South Devon coast from Start Point to Dawlish Warren,4,998,231,0,57
113WACT1C,South Devon coast from Dawlish Warren to Seaton,3,1137,423,0,79
113WACT1D,South Devon Estuaries,3,7456,1656,0,600
113WACT2A,North Devon coast from Hartland Point to Lynmouth,9,3033,520,0,175
113WAFTW01,Upper Torridge area,11,92,14,0,7
113WAFTW03,Lower Taw area,11,369,95,0,63
113WAFTW04,"Barnstaple, Braunton, Ilfracombe and Combe Martin area",11,4981,730,0,371
113WAFTW05,Exmoor Rivers,12,776,221,0,108
113WAFTW06,Middle Exe area,11,2629,364,0,141
113WAFTW07,Rivers Clyst and Culm and their tributaries,9,2884,484,0,223
113WAFTW11,Mid Devon Rivers,8,522,118,0,56
113WAFTW12,North Dartmoor Rivers,11,983,185,0,62
113WAFTW13,River Teign area,9,5103,598,0,334
114FWF1A0AA00,River Hayle from Relubbus to St Erth,11,36,16,14,30
114FWF1A1AA00,Perrancoombe Stream from Perrancoombe to Perranporth,8,159,52,59,111
114FWF1A1BA00,Perrancoombe Stream from Rose In Vale to Perrancoombe,7,39,9,23,32
114FWF1A1DA00,Bolingey Stream from Bolingey to Perranporth,6,285,61,156,217
114FWF1A2AA00,Portreath Stream at Portreath,3,249,50,130,180
114FWF1B0AA00,River Cober at Coronation Park and St Johns Industrial Park Helston,12,19,11,0,11
114FWF1B0BA00,River Cober from Wendron to Lowertown,8,15,3,0,3
114FWF1B0CA00,River Cober at Trenear,3,13,5,0,5
114FWF1C0AA00,River Kenwyn from New Mill Dam to Truro,10,85,17,49,66
114FWF1C0BA00,River Kenwyn at Truro,10,135,15,51,66
114FWF1C1AA00,River Allen (Kenwyn) from Idless Dam to Truro,8,113,29,46,75
114FWF1C2AA00,River Fal from Trelion to Tregony,7,42,17,17,34
114FWF1C3AA00,River Tinney at Calenick,8,15,6,0,6
114FWF1C4AA00,River Tresillian at Ladock,5,26,14,5,19
114FWF1D0AA00,River Camel from Camelford to Polbrock,11,30,5,13,18
114FWF1D0BA00,River Camel at Camelford,10,53,13,21,34
114FWF1D0CA00,River Camel at Wadebridge,9,351,170,123,293
114FWF1D1AA00,River Allen (Camel) from Newhall Green to Hingham Mill,10,18,7,4,11
114FWF1D1BA00,River Allen (Camel) at Sladesbridge,7,40,12,13,25
114FWF1D2AA00,Bodmin Town Leat from Prior's Barn to Bodmin Skate Park,9,13,2,9,11
114FWF1D2BA00,Bodmin Town Leat from Bodmin Skate Park to Church Square,3,,,,
114FWF1D2CA00,Bodmin Town Leat from Turf Street to Berrycombe Road,2,163,36,71,107
114FWF1D2DA00,Bodmin Town Leat from Berrycombe Road to the Royal Mail Depot,2,21,9,5,14
114FWF1D2EA00,Bodmin Town Leat from Bodmin Gaol to Bodmin Sewage Treatment Works,2,,,,
114FWF1D2FA00,Bodmin Town Leat at Flaxmoor Terrace,3,,,,
114FWF1D3AA00,River Valency at Boscastle,4,71,26,18,44
114FWF1E0AA00,River Par from Luxulyan to Tywardreath Highway,11,46,22,22,44
114FWF1E0BA00,River Par at Par and St Blazey,9,682,258,279,537
114FWF1F0AA00,River Fowey at Lostwithiel,10,229,113,62,175
114FWF1F0BA00,River Fowey from Trekeivesteps to Restormel,2,,,,
114FWF1F1AA00,River Seaton from the A38 to Seaton,7,26,5,18,23
114FWF1F2AA00,River Pol and Langreek Stream at Polperro,10,189,55,63,118
114FWF1G0AA00,River Neet from Woolstone Mill to Rodds Bridge excluding Helebridge,8,,,,
114FWF1G0BA00,River Neet at Bude,10,243,122,83,205
114FWF1G0CA00,Rivers Strat and Neet at Helebridge,2,12,8,0,8
114FWF1G1AA00,River Strat from Bush to Pinch Bridge excluding Stratton,10,,,,
114FWF1G1BA00,River Strat at Stratton,4,26,4,19,23
114FWF1H0AA00,River Ottery at Canworthy Water,11,17,6,2,8
114FWF1H0BA00,River Ottery at Yeolmbridge and Ham Mill,4,,,,
114FWF1H1AA00,River Tamar from Tamarstone to Druxton Bridge,9,22,8,5,13
114FWF1H2AA00,River Thrushel from Hayne Bridge to Lifton,6,20,11,4,15
114FWF1H3AA00,River Kensey from Newmills to St Leonards excluding Newport Industrial Estate,10,71,25,40,65
114FWF1H3BA00,River Kensey at Newport Industrial Estate,11,30,4,12,16
114FWF1H4AA00,River Lyd from Sydenham to Lifton,5,32,16,9,25
114FWF1H5AA00,River Tamar from Netherbridge to Greystone Bridge,10,,,,
114FWF1I0AA00,River Lynher from Berriowbridge to Notter Bridge,8,50,25,18,43
114FWF1I1AA00,River Tamar from Greystone Bridge to Cotehele excluding Calstock,10,31,15,9,24
114FWF1I1BA00,River Tamar at Calstock,3,74,28,28,56
114FWF1I2AA00,River Walkham from Huckworthy to Bedford Bridge,7,149,39,80,119
114FWF1I3AA00,Long Brook (Plympton) at Plympton,8,333,58,199,257
114FWF1I4AA00,River Yealm at Yealmbridge and Yealmpton,9,46,25,9,34
114FWF1I4BA00,River Yealm from Mill Bridge to Lee Mill,2,36,18,17,35
114FWF1I5AA00,River Plym from Shaugh Bridge to Riverside Caravan Park,7,20,4,13,17
114FWF1I5BA00,River Plym at Marsh Mills,7,93,42,30,72
114FWF1I6AA00,River Tavy from Mary Tavy to Lopwell,8,609,229,218,447
114FWF1I7BA00,Tory Brook from Newnham Park to Long Bridge,11,405,57,202,259
114FWFHELSTON01,River Cober at St Johns Road Area Helston,1,120,64,34,98
114FWFMEVA01,Mevagissey Stream at Mevagissey,1,247,69,83,152
114FWFNEWLYN01,Newlyn Coombe River at Newlyn,1,95,26,41,67
114FWFPAR01,St Blazey Stream at St Blazey,1,395,154,162,316
114FWT1T1AA00,South Cornwall coast from Lizard Point to Gribbin Head excluding the Tidal Fal Estuary,9,878,259,314,573
114FWT1T1BA00,South Cornwall coast from Lands End to Lizard Point excluding Mounts Bay,9,95,7,29,36
114FWT1T1BB00,"South Cornwall coast at Mounts Bay, seafront properties",4,257,83,97,180
114FWT1T1BC00,"South Cornwall coast at Mounts Bay, properties located behind the seafront",3,644,154,291,445
114FWT1T1CA00,Plymouth Barbican,9,861,209,397,606
114FWT1T1DA00,Tidal Fal Estuary at Truro,4,306,90,127,217
114FWT1T1EA00,South Cornwall coast from Gribbin Head to Rame Head,2,912,313,300,613
114FWT1T1FA00,"Plymouth Sound, Wembury Bay and tidal estuaries",3,2163,454,1071,1525
114FWT1T2AA00,North Cornwall coast from Lands End to Chapel Porth,14,627,100,251,351
114FWT1T2CA00,"Tidal Camel Estuary at Wadebridge, Chapel Amble, Padstow and Sladesbridge",9,809,378,258,636
114FWT1T2DA00,Tidal Camel Estuary at Rock and low lying properties on the Little Petherick Creek,7,22,8,11,19
114FWT1T2EA00,North Cornwall coast from Chapel Porth to The Rumps excluding the tidal Camel Estuary,8,179,36,58,94
114FWT1T2FA00,North Cornwall coast from The Rumps to Hartland Point,7,169,63,49,112
114FWT1T2GA00,North Cornwall coast at Copperhouse Pool Hayle,3,230,46,113,159
114FWTFALEST1,Tidal Fal Estuary,1,741,257,269,526
114WACT1T1AA00,South Cornwall Coast from Lands End to Lizard Point,10,1035,242,0,141
114WACT1T1BA00,South Cornwall coast from Lizard Point to Gribbin Head excluding the Tidal Fal Estuary,5,877,259,0,73
114WACT1T1CA00,South Cornwall coast from Gribbin Head to Rame Head,2,913,313,0,116
114WACT1T1DA00,"Plymouth Sound, Wembury Bay and tidal estuaries",5,3024,663,0,132
114WACT1T2AA00,North Cornwall coast from Lands End to Chapel Porth,13,627,100,0,43
114WACT1T2BA00,North Cornwall coast from Chapel Porth to The Rumps excluding the tidal Camel Estuary,7,176,36,0,10
114WACT1T2CA00,Tidal Camel Estuary at Rock and low lying properties on the Little Petherick Creek,2,22,8,0,5
114WACT1T2DA00,North Cornwall coast from The Rumps to Hartland Point,3,169,63,0,20
114WAFCOBER,River Cober,1,294,102,0,43
114WAFT1W01A00,West Cornwall Rivers,14,4106,454,0,252
114WAFT1W02A00,Helford and Fal Rivers,10,1458,210,0,96
114WAFT1W03A00,North Cornwall Rivers,10,1560,373,0,133
114WAFT1W04A00,St Austell and Par Rivers,13,1577,374,0,150
114WAFT1W05A00,River Fowey,10,461,133,0,59
114WAFT1W06A00,Rivers Looe and Seaton,9,552,75,0,33
114WAFT1W07A00,River Lynher,8,428,69,0,33
114WAFT1W08A00,Lower River Tamar,9,125,46,0,19
114WAFT1W09A00,Middle River Tamar,9,227,50,0,30
114WAFT1W10A00,Upper River Tamar,12,825,205,0,60
114WAFT1W11A00,Rivers Tavy and Walkham,9,1757,328,0,107
114WAFT1W12A00,River Plym and Tory Brook,8,1056,160,0,54
114WAFT1W13A00,River Yealm,8,180,53,0,25
114WATFALEST1,Tidal Fal Estuary,1,1047,347,0,91
121FWB099,River Coquet at The Butts at Warkworth,3,43,33,0,33
121FWB111,River Coquet at Lower Stanners at Warkworth,6,,,,
121FWB308,"River Wear at South View and Victoria Bridge House, Fatfield",2,30,19,10,29
121FWB556,Ouseburn at Byker,2,60,12,7,19
121FWC526,North Sea at Holy Island,5,,,,
121FWC527,North Sea at Seahouses,4,29,6,4,10
121FWC530,North Sea at Beadnell,6,,,,
121FWC531,North Sea at Alnmouth,7,14,9,0,9
121FWC532,North Sea at Amble,6,123,33,42,75
121FWC537,"North Sea at Blyth Quayside, North Blyth and Cambois",8,65,15,22,37
121FWC539,North Sea at Blyth,9,552,167,201,368
121FWC540,"North Sea at Whitley Bay, Cullercoats and Tynemouth",6,,,,
121FWC554,"North Sea at Roker, Sunderland",7,,,,
121FWC561,"North Sea at Zetland Park, Redcar",11,153,11,113,124
121FWC563,"North Sea at West Harbour and Old Town, Hartlepool",9,145,9,93,102
121FWC566,North Sea at Saltburn by the Sea,9,,,,
121FWC567,North Sea at Redcar,7,123,14,38,52
121FWC570,"North Sea coast at Victoria Harbour, Hartlepool",3,249,11,146,157
121FWC571,"North Sea coast at The Headland, Hartlepool",2,100,6,76,82
121FWC572,North Sea at Cowbar,1,,,,
121FWF020,River Tees at Hurworth Place and Newbus Grange,8,85,32,39,71
121FWF025,River Tees at Low Dinsdale,7,,,,
121FWF030,River Tees at Neasham,7,99,60,29,89
121FWF040,River Tees at Thornaby,9,150,22,60,82
121FWF041,"River Tees at University College, Thornaby",10,236,20,94,114
121FWF042,River Tees at Barnard Castle,2,43,17,17,34
121FWF043,River Tees at Piercebridge,1,16,5,5,10
121FWF050,River Tees at Yarm,7,745,354,216,570
121FWF055,River Tees at Croft,7,136,71,48,119
121FWF070,River Leven at lower Great Ayton,10,93,29,30,59
121FWF071,River Leven at Great Ayton,3,178,45,82,127
121FWF072,River Leven at Lower Stokesley,9,216,122,51,173
121FWF074,River Leven at Stokesley,10,821,175,396,571
121FWF076,Loftus Beck at Loftus,1,56,18,17,35
121FWF077,"Lustrum Beck at Oxbridge Riverside and Primrose Hill Industrial Estate, Stockton-on-Tees",10,34,22,5,27
121FWF078,Skinningrove Beck at Skinningrove,11,184,70,75,145
121FWF079,River Leven at Hutton Rudby,9,,,,
121FWF080,River Skerne at Aycliffe village,8,,,,
121FWF083,River Skerne at lower Darlington and Great Burdon,11,106,19,49,68
121FWF084,River Skerne at Darlington and Great Burdon,3,247,12,143,155
121FWF085,River Skerne at upper Darlington and Great Burdon,3,496,99,317,416
121FWF087,River Leven at Leven Bridge,6,,,,
121FWF088,"Lustrum Beck at Newtown Riverside and Hartburn Avenue, Stockton-on-Tees",12,100,42,43,85
121FWF089,Lustrum Beck at Stockton-on-Tees,3,664,44,422,466
121FWF090,Middlesbrough Becks at lower lying parts of Middlesbrough,2,33,1,17,18
121FWF091,Middlesbrough Becks at Middlesbrough,4,1814,66,1254,1320
121FWF098,River Coquet at Coquet Lodge at Warkworth,1,,,,
121FWF100,River Coquet at Warkworth,3,59,33,20,53
121FWF101,River Wansbeck at Morpeth,9,1242,757,340,1097
121FWF105,River Pont at Ponteland,8,464,222,139,361
121FWF106,"River Coquet at Lower Maltings, Rothbury",1,15,14,0,14
121FWF107,River Coquet at Lower Rothbury,3,,,,
121FWF108,River Coquet at Rothbury,4,55,34,12,46
121FWF109,River Coquet at Upper Rothbury,10,22,11,2,13
121FWF110,River Coquet at Brinkburn and Weldon,7,,,,
121FWF112,River Coquet at Thropton,6,,,,
121FWF113,River Wansbeck at Bothal and Sheepwash,7,70,7,47,54
121FWF114,"River Pont at Kirkley Mill, Fox Covert Lane, Darras Hall and Prestwick Carr",8,63,27,27,54
121FWF115,River Wansbeck at East Mill and Morpeth Riverside Leisure Centre,8,15,12,0,12
121FWF119,River Font at Netherwitton and Longshaws Mill,5,14,7,0,7
121FWF120,Wooler Water at Wooler,8,149,41,59,100
121FWF121,Belford Burn at Belford,1,29,10,4,14
121FWF122,Wooler Water at Riverside Leisure Park,1,,,,
121FWF123,Waren Burn at Waren Mill,7,36,9,5,14
121FWF125,River Wansbeck at Abbey Mills,7,,,,
121FWF126,"River Tweed at Boat House, Norham",2,,,,
121FWF127,River Tweed at Norham Village,3,31,10,11,21
121FWF128,River Coquet at Felton Riverside,2,,,,
121FWF129,River Coquet at Felton,2,20,9,2,11
121FWF194,River Tyne at Tyne Green Hexham,1,,,,
121FWF195,River Tyne at Lower Hexham,1,,,,
121FWF196,River Tyne at Hexham,1,96,51,16,67
121FWF197,River Rede at Otterburn Mill and Brownchesters Farm,2,,,,
121FWF198,River Rede at Otterburn,1,20,4,10,14
121FWF199,Cockshaw Burn at Hexham,2,46,21,7,28
121FWF200,River South Tyne at The Riverside Workshop at Haydon Bridge,9,,,,
121FWF201,Cockshaw Burn at Upper Hexham,7,230,61,80,141
121FWF202,River Rede at West Woodburn and Redesmouth,7,18,7,3,10
121FWF204,River North Tyne at Falstone,6,16,4,2,6
121FWF205,River Tyne and Cockshaw Burn at Tyne Green Mews Hexham,2,12,2,5,7
121FWF206,River North Tyne at Bellingham,5,47,13,23,36
121FWF207,"River North Tyne at Barrasford, Haughton and Chollerford",7,34,11,17,28
121FWF208,River South Tyne at Slaggyford and Lambley,5,18,10,4,14
121FWF209,River North Tyne at Wark,1,,,,
121FWF210,River South Tyne at Haltwhistle,6,23,8,3,11
121FWF211,River South Tyne at Warden,9,26,27,0,27
121FWF212,River South Tyne at Lower Warden,4,,,,
121FWF214,Red Burn at Acomb,2,87,36,39,75
121FWF215,Stocksfield Burn at Stocksfield,1,80,27,40,67
121FWF216,Birkey Burn at Acomb,1,,,,
121FWF217,River Wear at Stanhope,7,114,38,56,94
121FWF218,River Wear at Frosterley,5,22,5,8,13
121FWF219,River Wear at Wolsingham,10,171,43,84,127
121FWF220,River Wear at Witton-le-Wear,4,,,,
121FWF221,"River Tyne at Wellbank Riverside and The Mill, Corbridge",10,,,,
121FWF223,River Wear at Lower Stanhope,6,29,15,6,21
121FWF227,River North Tyne at Kielder Butteryhaugh,6,63,31,13,44
121FWF228,River Gaunless at West Auckland,7,133,50,42,92
121FWF229,River Gaunless at South Church,7,222,69,106,175
121FWF231,River Gaunless at Ramshaw Mill,6,,,,
121FWF233,River Gaunless at Upper West Auckland,6,277,112,92,204
121FWF234,Oakley Cross Beck at West Auckland,5,293,82,132,214
121FWF235,"River South Tyne at Middle Lipwood, Brigwood and Temple Houses at Haydon Bridge",8,104,63,20,83
121FWF236,River South Tyne at Haydon Bridge,6,290,71,111,182
121FWF237,River Tyne at Corbridge,9,53,43,4,47
121FWF303,River Wear at Chester-le-Street,6,30,19,7,26
121FWF304,"River Wear at Mount Pleasant, Fatfield",2,152,52,88,140
121FWF305,River Tyne at Ovingham and Ferry Landing,6,21,14,0,14
121FWF306,River Tyne at Bywell and Low Prudhoe,7,107,34,26,60
121FWF307,"River Wear at Bishop Auckland, Willington and Page Bank",5,13,8,0,8
121FWF309,"River Wear at West and East Bridge Street, Fatfield",2,57,37,14,51
121FWF310,"River Wear at Bonemill Lane and Riverview, Fatfield",3,14,4,5,9
121FWF311,River Wear at Cox Green,1,18,7,3,10
121FWF313,"River Wear at Batts Terrace Riverside, Bishop Auckland",5,,,,
121FWF314,River Wear at Page Bank riverside,5,,,,
121FWF315,River Wear at Croxdale riverside,7,,,,
121FWF318,Ouseburn at Great Parkway and Killingworth Road,2,65,6,37,43
121FWF319,Ouseburn at Fencerhill Wood,2,75,38,33,71
121FWF320,"Ouseburn at Brunton Park, Melton Park and South Gosforth",2,359,97,214,311
121FWF321,River Derwent at Blackhall Mill,7,48,27,9,36
121FWF322,Smallhope Burn at Lanchester,7,169,58,72,130
121FWF323,"River Derwent at Blaydon-on-Tyne, Rowlands Gill, Lintzford, and Shotley Bridge",5,78,24,39,63
121FWF324,River Derwent at Swalwell,2,90,27,49,76
121FWF325,"River Derwent at Ebchester Bridge, Blackhall Mill, Lintzford Grange and Rowlands Gill",5,156,62,67,129
121FWF326,Ouseburn at Woolsington and Brunton Mill,11,11,3,0,3
121FWF330,River Wear at Durham Riverside,10,83,16,10,26
121FWF331,River Wear at Upper Durham,8,47,19,14,33
121FWF332,"River Wear at Elvet and Framwellgate, Durham",9,134,50,38,88
121FWF333,River Wear at Durham,7,118,16,57,73
121FWF334,"Moors Burn at Brookside and North Road, Houghton-le-Spring",3,14,3,4,7
121FWF335,"Moors Burn at Sedgeletch and Rainton Bridge, Houghton-le-Spring",3,,,,
121FWF336,"Moors Burn at Dairy Lane, Houghton-le-Spring",3,88,31,45,76
121FWF337,"River Derwent at Eddy's Bridge, Leadmill Bridge, Allensford and Shotley Bridge",2,29,8,16,24
121FWT519,North Sea at Berwick-Upon-Tweed and Tweedmouth,7,73,17,31,48
121FWT544,"Tyne estuary at North Shields, South Shields and Howdon Pans",8,283,50,114,164
121FWT549,"Tyne estuary at Newcastle Quayside, Low Walker, Lower Derwenthaugh Industrial Estate and Willington",10,96,40,25,65
121FWT550,Tyne estuary at Derwenthaugh,9,,,,
121FWT551,"Tyne estuary at Dunston, Derwenthaugh Industrial Estate and Scotswood",11,108,33,46,79
121FWT552,Wear estuary at Deptford and South Hylton,2,,,,
121FWT553,Wear estuary at Sunderland North Dock and White Heugh,7,,,,
121FWT555,Wear estuary at Sunderland low street,5,,,,
121FWT557,Tees estuary at Port Clarence and Haverton Hill,10,341,126,145,271
121FWT558,Tees estuary at Teesside Park,10,62,19,20,39
121FWT562,"Tees estuary at Portrack, Stockton-on-Tees and Middlesbrough",9,133,29,28,57
121FWT565,Tees estuary at Greatham Creek,5,18,16,0,16
121FWT568,Tees estuary at Billingham,9,,,,
121WAC921,Northumberland coast,15,1027,311,0,81
121WAC922,Tyne and Wear coast,10,74,11,0,10
121WAC928,Hartlepool to Cowbar,15,1719,81,0,57
121WAF900,River Till and tributaries,9,361,64,0,58
121WAF901,River Tweed South Bank,7,78,16,0,12
121WAF903,Upper River Coquet,9,219,82,0,67
121WAF904,Lower River Coquet,10,165,96,0,52
121WAF905,River Wansbeck,9,1480,813,0,469
121WAF906,Rivers Pont and Blyth,11,578,251,0,132
121WAF907,River Rede,9,62,15,0,10
121WAF908,River North Tyne,14,281,68,0,43
121WAF909,River South Tyne,13,678,211,0,128
121WAF910,River Tyne,16,960,324,0,216
121WAF911,Ouseburn and estuarine tributaries,11,672,158,0,69
121WAF912,"Rivers Derwent, Team, Don and estuarine tributaries",11,575,169,0,124
121WAF914,Upper River Wear,7,656,124,0,93
121WAF915,Lower River Wear,11,1421,397,0,293
121WAF917,River Gaunless,8,1252,329,0,90
121WAF918,Coastal rivers in North Northumberland,11,138,18,0,17
121WAF919,Coastal rivers in South Northumberland,8,892,14,0,14
121WAF920,Tyne and Wear coastal rivers,9,320,4,0,4
121WAF923,River Skerne,12,1851,154,0,119
121WAF924,Upper River Tees,13,797,227,0,129
121WAF925,Lower River Tees and estuarine tributaries,16,3077,552,0,240
121WAF927,River Leven,11,2256,409,0,162
121WAF929,Coastal Streams in Redcar and Cleveland,8,537,105,0,71
121WAF930,Middlesbrough Becks,5,1851,63,0,52
121WAT902,Tweed estuary,10,77,18,0,6
121WAT913,Tyne estuary,13,1004,183,0,132
121WAT916,Wear estuary,9,34,21,0,16
121WAT926,Tidal River Tees,13,549,171,0,100
122FWB021,River Ouse at Wistow,1,517,101,290,391
122FWB041,River Hull and Humber estuary at Hull City Centre,13,2560,673,958,1631
122FWB106,Holderness Drain at East Carr and the Ings,15,588,50,467,517
122FWB112,Hull city centre,8,9745,596,5843,6439
122FWB113,River Hull and Holderness Drain at Stoneferry and Drypool,10,6104,336,4362,4698
122FWB114,City of Hull at Marfleet and areas of North Carr,9,13555,536,10197,10733
122FWB115,"River Hull and Beverley and Barmston Drain at Bricknell, Newland and Avenue",11,16066,682,11621,12303
122FWB117,"Beverley and Barmston Drain at City of Hull, Lockwood Street",10,44,17,8,25
122FWB119,City of Hull at Sutton Ings and Southcoates,8,12187,472,9421,9893
122FWB120,River Hull at Deringham and Boothferry,11,7091,423,5527,5950
122FWB121,"Beverley and Barmston Drain at Hull, University and Orchard Park South",12,6432,226,4862,5088
122FWB123,River Hull and Holderness Drain at Sutton Fields,9,9839,528,7826,8354
122FWB128,Beverley and Barmston Drain around Lincoln Street,6,231,61,36,97
122FWB133,Beverley and Barmston Drain at Orchard Park North,5,848,21,623,644
122FWB758,River Ouse at Riccall,2,181,33,99,132
122FWB805,River Esk at Briggswath,6,39,8,20,28
122FWB826,River Esk at Ruswarp,1,117,48,35,83
122FWC001,North Sea coast at Bridlington - Harbour Road and Floral Pavilion,6,30,16,5,21
122FWC002,North Sea coast at Bridlington - South Pier,8,15,4,2,6
122FWC003,North Sea coast at Hornsea,9,86,15,47,62
122FWC005,North Sea coast at Tunstall,6,12,3,4,7
122FWC006,North Sea coast at Withernsea,6,36,12,11,23
122FWC007,North Sea coast at Easington and Kilnsea,6,89,21,46,67
122FWC008,North Sea coast at Spurn Point,5,,,,
122FWC009,North Sea at Scarborough - North Bay,1,16,5,0,5
122FWC030,North Sea at Staithes,5,28,9,6,15
122FWC036,North Sea at Sandsend,4,53,15,15,30
122FWC040,North Sea and River Esk at Whitby Harbour,14,506,83,217,300
122FWC045,North Sea at Scarborough - Sandside,6,83,19,23,42
122FWC048,North Sea at Scarborough - Foreshore Road,9,35,8,10,18
122FWC050,North Sea at Scarborough - Spa Complex,4,,,,
122FWF002,River Nidd at Summerbridge and Dacre Bank,1,24,9,6,15
122FWF003,River Nidd at Birstwith,1,30,10,14,24
122FWF004,River Nidd at Kirk Hammerton,1,,,,
122FWF006,River Nidd at Low Laithe,1,,,,
122FWF007,River Nidd at Glasshouses,1,36,2,7,9
122FWF008,River Nidd at Cattal,1,,,,
122FWF009,River Nidd at Cowthorpe and Walshford Bridge,2,,,,
122FWF010,River Nidd and Cockhill Beck at Hampsthwaite,2,123,15,80,95
122FWF011,River Nidd at Killinghall Business Parks,1,17,3,4,7
122FWF012,River Nidd at Amblers Farm and Jodhpurs Riding School,1,,,,
122FWF013,The Fleet at Appleton Roebuck,2,81,11,53,64
122FWF014,River Swale at Brompton-on-Swale,1,306,26,197,223
122FWF015,River Wharfe at Boston Spa,1,38,14,17,31
122FWF016,River Crimple at Pannal and Burn Bridge,1,76,16,49,65
122FWF017,Bielby Beck at Bielby,1,78,16,44,60
122FWF018,Bedale Beck at Bedale,1,81,11,49,60
122FWF019,River Wharfe at Newton Kyme,1,38,9,26,35
122FWF020,River Ouse at Poppleton,2,119,18,54,72
122FWF022,River Wharfe at Kirkby Wharfe,1,22,17,0,17
122FWF023,"Bardsey Beck and Keswick Beck at Bardsey, Keswick and Rigton",1,78,15,50,65
122FWF024,Hebden Beck at Hebden,1,,,,
122FWF025,Widdale Beck at Appersett,1,25,16,0,16
122FWF031,Setting Dike at Priory Road,1,985,97,745,842
122FWF032,"Creyke, Mill and Broadlane Becks at Cottingham",2,210,40,145,185
122FWF034,Broadlane Beck at Cottingham,1,378,63,280,343
122FWF036,River Rye and Borough Beck at Helmsley,1,138,12,66,78
122FWF100,Holderness Drain at Routh and Meaux,12,68,9,46,55
122FWF101,Holderness Drain at Wawne Common and Woody Carr,5,59,7,37,44
122FWF102,River Hull and Holderness Drain at Tickton and Weel,10,611,155,395,550
122FWF103,Holderness Drain and Leven Drain at Leven,10,128,30,79,109
122FWF104,Low lying properties in the Upper Hull catchment,10,33,14,13,27
122FWF105,Beverley and Barmston Drain at Dunswell and Thearne,11,230,47,156,203
122FWF107,River Hull at Hull Bridge and Beverley,7,211,50,64,114
122FWF108,Beverley and Barmston Drain at Thearne,4,150,26,98,124
122FWF111,"River Hull at Pickering West, Gipsyville and St Andrews",7,8837,420,6209,6629
122FWF116,River Hull at Newington,7,5799,176,4157,4333
122FWF118,"River Hull at Hull Old Town, Drypool and Sutton Fields",8,1562,298,692,990
122FWF122,Beverley and Barmston Drain at Sculcoates,7,337,22,177,199
122FWF124,"River Hull, west of the city around Anlaby Park",9,6950,328,5491,5819
122FWF125,Fleet Drain at Hessle,2,1100,583,397,980
122FWF126,Beverley and Barmston Drain at Clough Road,3,78,24,26,50
122FWF127,Beverley and Barmston Drain at Beverley Road North,4,3400,306,2601,2907
122FWF129,River Hull at Kingswood,4,3892,582,2742,3324
122FWF130,Holderness Drain and Leven Drain in Leven village,5,997,76,734,810
122FWF131,Holderness Drain at East Carr,4,865,132,641,773
122FWF132,"Beverley and Barmston Drain at Orchard Park, New Village and North Moor",4,3845,120,2871,2991
122FWF134,Beverley and Barmston Drain at Dunswell and Plaxton Bridge,4,118,39,66,105
122FWF135,Roam Drain and River Hull at Hempholme,3,,,,
122FWF137,South Cave Beck at South Cave and West End,1,578,75,400,475
122FWF143,Western Drain at Northfield and Low Field in Hessle,1,2161,177,1713,1890
122FWF160,Burstwick Drain at Burstwick,10,125,79,42,121
122FWF162,Burstwick Drain at Hedon East,9,2327,888,1211,2099
122FWF164,Westlands Drain at Hedon,9,166,63,88,151
122FWF165,Burstwick Drain at Hedon West,9,1269,341,795,1136
122FWF166,Patrington Haven on Winestead Drain,10,141,32,79,111
122FWF191,Market Weighton Canal at Newport,9,121,27,72,99
122FWF192,North Cave Beck at North Cave,5,83,52,27,79
122FWF210,River Swale Caravan Parks at Richmond and properties at Lownthwaite Bridge,5,67,29,23,52
122FWF211,Gilling Beck at Gilling West,4,53,24,16,40
122FWF220,River Swale at Brompton-on-Swale caravan park and Brompton Lakes,6,,,,
122FWF222,River Swale at Richmond and Easby,5,34,7,19,26
122FWF224,River Swale at Howe village and by Skipton Bridge,6,14,9,0,9
122FWF227,River Swale at Helperby,6,,,,
122FWF228,River Swale at Catterick Bridge,8,,,,
122FWF230,River Swale at Great Langton,6,45,12,26,38
122FWF234,River Swale at Topcliffe,8,28,17,4,21
122FWF236,River Swale at Thornton Bridge,6,,,,
122FWF238,River Swale at Myton on Swale,6,13,4,4,8
122FWF240,River Wiske at Kirby Wiske,6,44,28,9,37
122FWF242,Confluence of Sun Beck and Turker Beck at Northallerton,9,111,4,44,48
122FWF243,Brompton Beck at North of Station Road in Brompton,9,106,57,28,85
122FWF244,Brompton Beck at South of Station Road in Brompton,8,270,64,109,173
122FWF245,Cod Beck at Thirsk,9,544,62,247,309
122FWF247,Willow Beck at Low Gates,3,12,2,3,5
122FWF248,Cod Beck at Thirsk - riverside properties,6,67,41,16,57
122FWF250,Brough Beck at Catterick - Swale Pasture Lane and Oran Lane,5,53,32,16,48
122FWF251,Brough Beck at Catterick - Low Green and the High Street,7,183,44,91,135
122FWF252,Brough Beck at Catterick - Mowbray Road and Brough Meadows,6,333,157,116,273
122FWF253,Brough Beck at Catterick - Kings Close and the High Street,6,61,18,31,49
122FWF305,River Ure at Masham,4,,,,
122FWF306,Swinney Beck at Masham,4,106,26,34,60
122FWF307,Bishop Monkton Beck at Bishop Monkton,6,56,28,22,50
122FWF310,River Ure at Boroughbridge Camping and Caravanning Site,7,,,,
122FWF312,River Ure in Ripon at Ure Bank and the Racecourse,7,49,17,13,30
122FWF313,River Ure at North Bridge and Rhodes Field Lock,3,98,16,62,78
122FWF314,River Skell at Ripon - riverside properties,2,60,33,10,43
122FWF315,River Skell at Ripon,8,1026,426,446,872
122FWF320,Rivers Ure and Skell in Ripon around Paddies Park,7,279,61,164,225
122FWF340,River Ure at Bar Lane Roecliffe,8,12,3,0,3
122FWF344,River Ure at Milby Island,4,36,25,2,27
122FWF345,River Ure at Boroughbridge,4,374,157,131,288
122FWF346,River Ure at Aldwark Bridge to Cuddy Shaw Plantation,12,,,,
122FWF347,River Tutt at Boroughbridge,4,278,118,99,217
122FWF348,River Ure at Langthorpe,1,76,39,24,63
122FWF352,River Ure at Lower Dunsforth,4,83,49,18,67
122FWF404,River Nidd at Pateley Bridge,7,227,96,69,165
122FWF405,River Nidd at Knaresborough,6,115,75,34,109
122FWF406,River Nidd at Hunsingore,4,,,,
122FWF407,River Nidd at Knaresborough Caravan Parks and Goldsborough Mill Farm,12,72,44,13,57
122FWF520,River Wharfe at Bolton Bridge,8,,,,
122FWF525,River Wharfe at Addingham,6,134,73,42,115
122FWF526,Town Beck at Addingham,5,398,75,231,306
122FWF530,River Wharfe at Denton Road Ilkley,8,73,62,7,69
122FWF532,River Wharfe at Ilkley,8,194,42,117,159
122FWF534,River Wharfe at Burley in Wharfedale,9,309,33,197,230
122FWF555,River Wharfe at Billams Hill and riverside properties between Otley and Pool,10,318,105,148,253
122FWF560,River Wharfe at Otley,10,256,65,109,174
122FWF565,River Wharfe at Pool in Wharfedale,6,,,,
122FWF570,River Wharfe at Castley Lane,5,51,20,28,48
122FWF573,River Wharfe at Harewood Bridge,6,,,,
122FWF575,Collingham Beck at Collingham,9,186,76,82,158
122FWF580,River Wharfe at Wetherby,5,57,25,28,53
122FWF582,River Wharfe at The Avenue Collingham and Linton Ings,7,135,82,45,127
122FWF583,Bramham Beck at Bramham,5,88,30,37,67
122FWF585,River Wharfe at Tadcaster,5,124,66,23,89
122FWF586,River Wharfe at Ulleskelf,7,104,59,34,93
122FWF587,River Wharfe at Ryther,1,47,31,7,38
122FWF589,River Wharfe at Bolton Percy,4,15,6,0,6
122FWF590,Cock Beck at Stutton,5,,,,
122FWF620,Pickering Beck riverside properties at Pickering,7,94,56,24,80
122FWF621,Pickering Beck at Pickering,9,358,122,148,270
122FWF627,River Seven at Sinnington,5,115,71,33,104
122FWF628,Hovingham Beck at Hovingham,4,40,23,12,35
122FWF629,Thornton Beck at Thornton-le-Dale,6,182,31,95,126
122FWF630,"Mill Beck at Welham Road, Norton",4,27,19,5,24
122FWF648,River Derwent at Norton,7,504,205,193,398
122FWF649,River Derwent at Old Malton,5,128,36,60,96
122FWF650,River Derwent at Buttercrambe Mill,5,,,,
122FWF651,Pocklington Beck at Pocklington,3,361,119,144,263
122FWF652,River Derwent at Stamford Bridge - The Weir Caravan Park and Kexby Bridge,8,,,,
122FWF653,River Derwent at Stamford Bridge - riverside properties,7,91,23,39,62
122FWF660,River Derwent at Elvington,3,62,21,26,47
122FWF665,"River Derwent at Thorganby, Bubwith and Wressle",6,118,43,50,93
122FWF684,"Sea Cut at Mowthorpe, Scalby and Newby including Newby Beck",8,158,18,102,120
122FWF692,River Derwent at Malton,3,166,50,68,118
122FWF695,River Derwent at Howden,3,957,334,469,803
122FWF705,River Ouse at Linton Lock,4,,,,
122FWF710,River Ouse at York - riverside properties,11,18,16,0,16
122FWF712,River Ouse at York - St George's Field and Queen's Staith,10,56,40,11,51
122FWF713,Arkle Beck at Reeth and Low Fremington,1,57,28,13,41
122FWF715,River Ouse at Bishopthorpe,2,414,97,204,301
122FWF716,River Ouse at York - Skeldergate and Tower Street,9,159,107,27,134
122FWF717,Turker Beck at Northallerton,1,308,26,215,241
122FWF720,River Ouse at York - River Street,6,75,54,11,65
122FWF721,River Ouse at York - Peckitt Street,1,34,20,4,24
122FWF722,River Ouse at Fulford,8,603,230,251,481
122FWF723,River Ouse at Naburn Lock,5,,,,
122FWF724,River Ouse at Naburn,12,149,96,33,129
122FWF725,River Ouse at Acaster Malbis,8,139,61,51,112
122FWF728,River Ouse at Acaster Selby,7,14,12,0,12
122FWF730,River Ouse at York - Clifton,7,683,131,398,529
122FWF734,River Ouse at York - Marygate,5,131,28,59,87
122FWF736,River Ouse at York - Leeman Road,7,1117,236,609,845
122FWF738,Holgate Beck at York,6,389,26,271,297
122FWF740,"River Ouse at York - Clementhorpe, Ebor Street and South Bank",8,435,152,194,346
122FWF744,River Ouse at York - Skeldergate,8,191,21,106,127
122FWF745,Sun Beck at Northallerton,1,251,21,175,196
122FWF746,Willow Beck at Romanby,1,28,12,11,23
122FWF747,Willow Beck at Water Treatment Works in Romanby,1,,,,
122FWF752,River Ouse at York - North Street,6,79,18,20,38
122FWF753,River Ouse and Blue Beck at Rawcliffe,8,430,109,237,346
122FWF755,River Ouse at York - City Centre,4,187,65,64,129
122FWF756,River Ouse at Cawood,7,582,264,197,461
122FWF757,River Ouse at Kelfield,1,56,36,12,48
122FWF767,River Ouse at Selby Dam,8,183,37,95,132
122FWF773,River Ouse at Selby and Barlby,9,5033,1001,3053,4054
122FWF774,River Foss downstream of Yearsley Baths,4,346,101,132,233
122FWF775,River Foss - The Groves,2,293,155,86,241
122FWF776,"River Foss at Layerthorpe to Foss Islands Road, Stonebow and Piccadilly",7,1874,380,691,1071
122FWF777,River Foss upstream of Yearsley Baths to Strensall - riverside properties only,4,107,41,46,87
122FWF778,River Foss upstream of Yearsley Baths,3,309,91,156,247
122FWF779,Tang Hall Beck - Tang Hall,3,115,30,58,88
122FWF780,Osbaldwick Beck - Osbaldwick,3,582,145,307,452
122FWF781,South Beck at York,1,209,51,118,169
122FWF782,Westfield Beck - South Haxby,2,192,30,131,161
122FWF783,Westfield Beck - New Earswick,2,174,28,108,136
122FWF784,River Wharfe at Burnsall,1,14,6,0,6
122FWF785,River Wharfe at Linton,1,38,6,20,26
122FWF787,Kettlewell Beck at Kettlewell,1,75,22,30,52
122FWF801,River Esk at Lealholm,7,39,18,14,32
122FWF802,River Esk at Egton Bridge,5,17,10,0,10
122FWF806,Willow Beck at Northallerton,1,60,2,24,26
122FWF807,River Rye at Nunnington,1,,,,
122FWF809,River Dove at Kirkby Mills and Keldholme,1,79,33,17,50
122FWF810,Costa Beck at Costa Mills,1,,,,
122FWF811,River Dove at Salton,1,27,6,11,17
122FWF812,River Rye at Brawby,1,84,26,43,69
122FWF814,River Derwent at Yedingham,1,33,4,23,27
122FWF816,River Seven at Normanby,1,17,10,0,10
122FWF818,River Seven at Marton,1,94,32,53,85
122FWF819,River Seven at Great Barugh,1,11,7,0,7
122FWF827,River Esk at Glaisdale,3,,,,
122FWF829,River Esk at Danby,2,19,5,8,13
122FWF830,Cock Beck at Aberford,1,14,4,5,9
122FWF831,Cock Beck at Stanks,2,46,2,38,40
122FWF836,River Derwent at East and West Ayton,1,152,20,89,109
122FWF837,River Derwent at Braisthwaites Woods,1,,,,
122FWF838,River Wharfe at Cawood Park,1,,,,
122FWF841,Ings Beck at North Newbald,1,37,6,22,28
122FWF843,River Foulness at Welham Bridge,1,39,6,26,32
122FWF844,River Skirfare at Hawkswick,1,,,,
122FWF845,River Ouse at Beningbrough and Red House,1,15,3,3,6
122FWF846,River Rye at Howe Bridge,1,,,,
122FWF849,River Wharfe and Dorts Dike at Church Fenton,1,152,10,101,111
122FWT001,Humber estuary at West Hessle foreshore,1,,,,
122FWT011,North Bank of the Humber estuary from Kilnsea to Skeffling and Weeton,7,56,40,4,44
122FWT014,North Bank of the Humber estuary at Sunk Island,6,49,34,6,40
122FWT017,North Bank of the Humber estuary at Paull and Paull Holme Sands,7,319,219,85,304
122FWT020,North Bank of the Humber estuary at Saltend,5,,,,
122FWT021,North Bank of the Humber estuary in the east of Hull,10,1540,347,1057,1404
122FWT024,North Bank of the Humber estuary in the west of Hull,7,1403,372,504,876
122FWT027,North Bank of the Humber estuary at Waterside Business Park in Hessle,2,37,24,10,34
122FWT028,Humber estuary at East Hessle foreshore,4,150,90,58,148
122FWT029,North Bank of the Humber estuary at Hessle Haven,14,14,12,0,12
122FWT034,North Bank of the Humber estuary at North Ferriby,9,99,61,34,95
122FWT035,North Bank of the Humber estuary at Brough,10,691,149,427,576
122FWT038,"North Bank of the Humber estuary at Broomfleet, Faxfleet, Blacktoft and Yokefleet",7,103,84,12,96
122FWT040,"North Bank of the River Ouse at Saltmarshe, Sand Hall, Skelton and Kilpin Pike",10,122,109,14,123
122WAC952,North Sea coast from Staithes to Whitby including tidal River Esk,17,922,154,0,92
122WAC953,North Sea coast from Whitby to Filey,14,156,36,0,13
122WAC954,North Sea coast at Bridlington,10,74,23,0,11
122WAC955,"North Sea coast at Skipsea, Hornsea and Mappleton",12,55,10,0,7
122WAC956,"North Sea coast at Withernsea, Easington and Kilnsea",10,204,57,0,28
122WAF917,Setting Dike catchment,1,1003,97,0,79
122WAF919,River Crimple catchment,1,112,15,0,14
122WAF933,Lower River Nidd catchment,5,56,8,0,8
122WAF935,River Esk catchment,13,199,52,0,32
122WAF936,Upper River Swale,8,663,128,0,78
122WAF937,Lower River Swale,13,2181,349,0,135
122WAF938,River Wiske and other tributaries of the River Swale,16,2362,347,0,190
122WAF939,Upper River Ure,10,323,40,0,39
122WAF940,Lower River Ure,12,3527,1009,0,343
122WAF941,Upper River Nidd catchment,14,331,118,0,63
122WAF942,Upper River Wharfe,11,1364,325,0,220
122WAF943,Lower River Wharfe,12,1565,543,0,346
122WAF945,River Foss,12,3509,868,0,537
122WAF946,Upper River Ouse,17,7468,1670,0,1020
122WAF947,Tidal River Ouse from Naburn Lock to Selby,18,13448,1840,0,1370
122WAF948,River Riccal catchment,15,43,0,0,0
122WAF949,Upper River Derwent,11,2642,427,0,195
122WAF950,Lower River Derwent,9,1572,313,0,158
122WAF970,Gypsey Race and the Wolds,7,673,29,0,29
122WAF971,Holderness Drain,9,23114,1166,0,891
122WAF972,Upper River Hull catchment,10,482,48,0,42
122WAF973,River Hull Central catchment,9,7807,864,0,704
122WAF974,River Foulness and Market Weighton catchment,10,4548,489,0,344
122WAF975,Lower River Hull,15,102717,6566,0,4386
122WAF976,Burstwick and Keyingham Drains,4,7578,1907,0,724
122WAF977,South East Holderness,2,381,108,0,58
122WAF978,North Holderness,3,127,16,0,12
122WAF979,Thornton Beck catchment,2,153,27,0,10
122WAF980,River Seven catchment,2,355,126,0,66
122WAF981,Holbeck catchment,2,272,38,0,22
122WAF982,River Rye catchment,3,478,66,0,62
122WAF983,River Dove catchment,2,498,38,0,36
122WAF984,Pickering Beck and Costa Beck catchments,3,594,108,0,55
122WAF985,Middle River Nidd catchment,3,424,150,0,93
122WAF986,Osbaldwick Beck and Tanghall Beck,1,736,179,0,114
122WAT944,Tidal River Wharfe,2,207,114,0,68
122WAT957,Humber estuary from Spurn Point to Winestead Outfall,9,43,31,0,11
122WAT958,Humber estuary from Winestead Outfall to Thorngumbald Pumping Station,10,59,40,0,7
122WAT960,Humber estuary from Thorngumbald Pumping Station to Lords Clough,10,310,213,0,36
122WAT961,Humber estuary from Lords Clough to Hessle Haven,10,7575,1939,0,533
122WAT962,Humber estuary from Hessle Haven to Faxfleet,11,1158,366,0,144
122WAT963,Humber estuary from Faxfleet to Saltmarshe,11,176,153,0,36
122WAT964,Tidal River Ouse from Selby to Faxfleet,3,3747,759,0,423
123FWB002,River Aire upstream of Temple Hirst,2,21,17,0,17
123FWB054,River Don and River Went at Moss and Kirkhouse Green,10,46,25,12,37
123FWB056,River Don at Fosterhouses and Wormley Hill,10,25,16,0,16
123FWB058,River Don and Dutch River from Moorends to Rawcliffe Bridge,11,81,43,23,66
123FWB060,River Don and Dutch River at West Cowick,11,171,100,52,152
123FWB067,River Ouse at Swinefleet and Reedness Marshland,12,35,21,6,27
123FWB091,River Aire at Airmyn,11,320,260,38,298
123FWB150,"River Aire, Don and Dutch River at East Cowick and Lidgate",17,128,85,29,114
123FWB650,River Don at Barnby Dun,12,929,202,512,714
123FWB651,River Don at Thorpe in Balne,9,53,46,0,46
123FWB652,River Don at Trumfleet,6,18,18,0,18
123FWB654,River Don at Kirk Bramwith,6,17,15,0,15
123FWF023,New Mill Dike at Jackson Bridge,1,57,14,32,46
123FWF024,New Mill Dike at Thongsbridge,1,24,7,5,12
123FWF025,New Mill Dike at Lydgate and New Mill,1,34,9,16,25
123FWF032,River Colne at Milnsbridge,1,30,16,7,23
123FWF034,River Colne at Thornton Lodge,1,28,12,2,14
123FWF037,Went Beck at Purston Jaglin,1,319,6,188,194
123FWF038,Oil Mill Beck at Horsforth Woodside,1,283,18,186,204
123FWF039,Meers Brook at Heeley,1,181,4,99,103
123FWF040,Knoll Beck at Manvers,1,664,82,366,448
123FWF041,River Little Don at Stocksbridge,1,196,33,79,112
123FWF042,The Moss and River Rother at Eckington,1,44,8,9,17
123FWF043,Communities along Black Brook from Bowers Mill to Berry Mill Lane,1,119,11,38,49
123FWF089,Waller Hill Beck at Skipton,4,321,48,166,214
123FWF090,Eller Beck at Central Skipton,8,409,87,153,240
123FWF093,River Aire at Cross Hills including the Airedale Trading Park,12,76,28,17,45
123FWF094,River Aire at Gargrave,7,158,59,66,125
123FWF097,River Aire at Neptune Street,11,627,206,235,441
123FWF098,River Aire at Central Leeds including Sovereign Street and Asda House,11,143,51,49,100
123FWF100,Eller Beck in the Broughton Road area in Skipton,3,659,57,438,495
123FWF101,"Eller Beck at Engine Shed Lane, Skipton",2,23,2,1,3
123FWF102,"Ings Beck at Ings Lane, Skipton",5,16,15,0,15
123FWF103,"Eller Beck at Sandylands, Skipton",5,,,,
123FWF105,"Eller Beck at Carleton Business Park, Skipton",6,22,11,8,19
123FWF106,River Aire at Snaygill Industrial Estate and Cononley Business Park,7,60,33,21,54
123FWF107,Eller Beck at Snaygill Industrial Estate,2,306,27,138,165
123FWF108,"River Aire at Skipton Road, Kildwick",9,13,8,0,8
123FWF109,Holme Beck at Crosshills,3,354,49,199,248
123FWF110,Holme Beck at Glusburn,13,309,182,91,273
123FWF111,River Aire at Steeton,7,38,13,17,30
123FWF112,River Aire at Stockbridge and Keighley,12,426,188,166,354
123FWF113,River Aire at Stockbridge and Keighley - Garforth Road,10,59,44,8,52
123FWF114,River Aire at Crossflatts,8,115,49,39,88
123FWF115,River Aire at Bingley,9,90,49,24,73
123FWF116,Harden Beck at Beckfoot,6,,,,
123FWF117,River Aire at Cottingley,11,105,88,11,99
123FWF118,"River Aire at Branksome Drive, Nab Wood",4,64,51,5,56
123FWF119,River Aire at Shipley,12,950,290,409,699
123FWF121,River Aire at Esholt,16,75,11,23,34
123FWF123,River Aire at Newlay,12,118,34,65,99
123FWF126,River Aire at Mickletown,12,164,101,43,144
123FWF128,River Aire at Allerton Bywater,10,335,85,175,260
123FWF129,"River Aire at Allerton Ings, Barnsdale Road and Properties",8,,,,
123FWF131,River Aire at Newton and Fairburn,8,31,24,0,24
123FWF132,River Aire at Castleford Lock Lane,12,312,186,99,285
123FWF133,River Aire at Central Castleford,14,309,66,166,232
123FWF135,River Aire at Brotherton,10,61,28,21,49
123FWF137,River Aire at Ferrybridge,7,132,25,45,70
123FWF138,River Aire at Knottingley,10,337,214,101,315
123FWF139,River Aire at Birkin,14,50,18,19,37
123FWF140,River Aire at Beal,14,39,20,12,32
123FWF141,River Aire at Kellington and Roall Manor,14,69,60,0,60
123FWF142,River Aire at West Haddlesey,12,92,42,37,79
123FWF144,River Aire at Hensall and Little Heck,12,81,33,40,73
123FWF145,"River Aire at Burn Lane, Burn",10,,,,
123FWF146,River Aire at Hirst Courtney,12,83,53,27,80
123FWF148,River Aire at Hirst Marsh and West Marsh,12,29,21,0,21
123FWF149,River Aire at Gowdall,14,122,80,22,102
123FWF151,River Aire at Snaith Ings,16,112,79,19,98
123FWF154,River Aire at Drax,13,191,121,56,177
123FWF156,"Earby Beck, New Cut and Victoria Clough at Earby",12,315,99,130,229
123FWF158,River Aire at Kirkstall Forge,14,,,,
123FWF161,River Aire at St Anns Mill and the Goit,12,99,46,6,52
123FWF163,River Aire at Kirkstall Road and Wellington Street,9,2481,279,575,854
123FWF169,River Aire at Neptune Street - Canal and River Trust car park,10,,,,
123FWF172,"River Aire at Sovereign Street, The Calls and Clarence Dock",13,2378,313,965,1278
123FWF175,River Aire at Canal Wharf between Bridge End and Crown Point Bridge,14,3967,338,1414,1752
123FWF177,"River Aire at Knowsthorpe, Thwaite Gate and Stourton",12,216,78,81,159
123FWF189,"Wyke Beck at Dunhills, Halton",11,84,68,10,78
123FWF190,Wyke Beck at Fearnville,7,36,10,19,29
123FWF191,"Wyke Beck at Wykebeck Valley Road, Gipton",17,227,22,138,160
123FWF192,Wyke Beck at Foundry Mill,17,43,8,20,28
123FWF193,Broughton Beck at Elslack and Broughton Business Park,10,11,5,0,5
123FWF195,Wortley Beck from Pudsey Road to Butt Lane,4,68,19,30,49
123FWF196,Wash Dike at Pontefract,6,243,48,147,195
123FWF200,Bridgehouse Beck from Oxenhope to North Ives Bridge,9,62,15,32,47
123FWF201,Bridgehouse Beck at Mills upstream of Bridgehouse Lane to Ebor Lane,6,128,35,55,90
123FWF202,Tributaries of the River Worth at Grey Scar Road to Hebble Row,7,111,56,38,94
123FWF203,"River Worth at Vale Farm to Bronte Caravan Park, A629 Halifax Road",7,,,,
123FWF204,River Worth at Damems Road to Keighley Railway Station,8,164,45,69,114
123FWF205,"North Beck at Goose Eye, Holme House Lane",8,34,17,8,25
123FWF206,North Beck at Holme Mill Lane to Worth Way,7,29,10,6,16
123FWF207,River Worth at Worth Village and Aireworth,7,123,72,23,95
123FWF280,River Spen at Hunsworth and Moorend,8,213,29,88,117
123FWF281,River Spen at Cleckheaton,8,103,38,32,70
123FWF282,River Spen at Littletown,8,120,65,43,108
123FWF283,"River Spen and Lands Beck from Knowler Hill to Wormald Street, Liversedge",8,263,140,95,235
123FWF284,River Spen from Wormald Street to Spen Vale Street,9,149,53,70,123
123FWF285,River Spen and Canker Dyke at Ravensthorpe,5,202,65,94,159
123FWF287,Dean Bottom Dike and Box Ings Dike at Kirkburton,5,11,3,0,3
123FWF288,Woodsome Beck at Highburton,5,52,1,34,35
123FWF289,Fenay Beck at Fenay Bridge,4,,,,
123FWF290,Fenay Beck at Spa Bottom,4,155,70,60,130
123FWF291,Fenay Beck at Waterloo,7,153,66,65,131
123FWF292,Fenay Beck at Dalton,9,133,49,70,119
123FWF301,Walsden Water at Walsden,9,444,145,215,360
123FWF302,Walsden Water and Ramsden Clough at Walsden,10,156,62,74,136
123FWF303,Walsden Water at Gauxholme,7,41,22,16,38
123FWF304,Midgelden Brook at Bacup Road - Gauxholme,8,103,35,57,92
123FWF305,Walsden Water at Todmorden from Shade to Salford,12,253,167,54,221
123FWF306,River Calder at Central Todmorden,7,735,425,192,617
123FWF307,River Calder at Todmorden - Millwood,10,122,40,61,101
123FWF308,River Calder from Todmorden to Eastwood,9,62,41,19,60
123FWF309,River Calder at Eastwood,8,20,19,0,19
123FWF310,River Calder at Callis Bridge and Charlestown,9,91,64,17,81
123FWF311,River Calder at Hebden Bridge - Mytholm and Hebble End,9,495,273,163,436
123FWF312,River Calder and Hebden Water at Hebden Bridge,9,333,259,50,309
123FWF314,Hebden Water at Hebden Bridge from Valley Road to Midgehole Road,10,194,67,71,138
123FWF315,River Calder and Cragg Brook at Mytholmroyd,11,720,356,250,606
123FWF316,River Calder at Central Mytholmroyd,10,260,195,57,252
123FWF317,River Calder at Horbury - The Strands,12,,,,
123FWF318,River Calder at Brearley and Luddenden Foot,12,125,77,29,106
123FWF319,River Calder and River Ryburn at Sowerby Bridge,11,473,192,173,365
123FWF320,River Calder and River Ryburn at Central Sowerby Bridge,12,34,17,4,21
123FWF321,River Calder at Copley,7,315,196,74,270
123FWF322,River Calder at Elland - North Dean Business Park to Park Road,7,68,48,15,63
123FWF323,River Calder at Elland - Saddleworth Road to Lowfields Business Park,7,116,55,18,73
123FWF324,River Calder at Brighouse - Brookfoot Business Park,8,56,20,17,37
123FWF325,River Calder at Brighouse - Brookfoot Mills,5,,,,
123FWF327,River Calder at Brighouse - Nun Bank Wood,6,,,,
123FWF328,River Calder at Cooper Bridge,5,19,12,0,12
123FWF329,River Calder at Bradley,8,102,10,62,72
123FWF330,River Calder at Central Mirfield,9,679,232,336,568
123FWF331,River Calder at Battyeford and Snake Hill,13,60,31,11,42
123FWF332,River Calder at Ravensthorpe,11,1619,423,800,1223
123FWF333,River Calder at Dewsbury,11,1233,426,530,956
123FWF334,River Calder at Dewsbury - Lodge Farm and Sands Mill,11,,,,
123FWF337,River Colne at Cowlersley,10,15,11,0,11
123FWF338,River Colne at Linthwaite,6,23,3,6,9
123FWF339,River Colne at Marsden,8,61,23,18,41
123FWF340,River Colne at Lingards Wood,8,30,9,11,20
123FWF341,River Colne at Foley Hall and Aspley,10,953,135,145,280
123FWF342,River Holme at Taylor Hill,7,19,1,2,3
123FWF343,River Holme at Huddersfield - Primrose Hill and Lockwood,9,141,70,22,92
123FWF344,River Holme at Holmfirth and Thongsbridge,8,184,25,79,104
123FWF345,River Colne at Huddersfield - Springbank Road and Queens Square,11,144,70,64,134
123FWF346,River Holme at Armitage Bridge,9,47,23,13,36
123FWF347,River Holme at Honley,7,87,20,36,56
123FWF348,River Holme at Brockholes,7,222,59,103,162
123FWF349,River Colne at Huddersfield,9,,,,
123FWF350,River Colne at Bradley Mills - St John Stadium,8,20,10,3,13
123FWF351,River Holme at Holmbridge and Victoria,10,58,6,39,45
123FWF352,River Colne at Turnbridge and Southgate,12,42,14,3,17
123FWF354,River Holme at Honley and Mag Dale,8,83,16,38,54
123FWF356,River Colne at Hillhouse and Colne Bridge,9,490,248,167,415
123FWF357,River Colne at Huddersfield - Syngenta Works,7,,,,
123FWF358,River Calder at Horbury Junction,8,84,47,25,72
123FWF359,River Calder at Wakefield - Thornes and Calder Vale,11,1100,376,477,853
123FWF360,River Calder at Wakefield - Fall Ings and Belle Vue,9,292,52,169,221
123FWF361,River Calder at Stanley,7,253,48,125,173
123FWF362,River Calder at Methley and Mickletown,9,454,218,174,392
123FWF363,River Calder at Whitwood Mere,9,870,192,469,661
123FWF364,"River Calder at Cornholme, Lydgate and Todmorden High School",10,797,282,356,638
123FWF365,River Calder at Todmorden - Harley Wood,10,134,61,66,127
123FWF366,Batley Beck from Monk Ings to Wilton Park,13,72,8,35,43
123FWF367,Batley Beck at Carlinghow and Crossbank,15,92,9,33,42
123FWF368,Batley Beck at Bradford Road through central Batley,14,17,4,2,6
123FWF369,Batley Beck at central Batley and surrounding areas,16,176,42,53,95
123FWF370,River Calder at Todmorden - Patmos Burnley Road,8,412,221,131,352
123FWF371,River Calder at Todmorden from the Cricket Ground to the Railway Bridge,8,56,14,33,47
123FWF372,River Calder at Brighouse,10,657,240,194,434
123FWF373,River Calder at Healey and Horbury Bridge,9,490,333,99,432
123FWF374,Hebble Brook at Halifax,3,69,13,12,25
123FWF381,Fosterford Beck and Balne Beck at Wrenthorpe,12,60,18,25,43
123FWF382,Balne Beck and Alverthorpe Beck at Brooks Bank around Wakefield Prison,14,161,31,97,128
123FWF383,Alverthorpe Beck at Wakefield Flanshaw,11,159,43,96,139
123FWF386,Oakenshaw Beck at Agbrigg,12,129,46,63,109
123FWF387,"Balne Beck, Alverthorpe Beck and Ings Beck at Wakefield Westgate",13,2300,833,935,1768
123FWF388,Balne Beck at Peacock including Silcoates Street,2,151,13,104,117
123FWF396,Batley Beck at Batley Carr,3,368,44,168,212
123FWF397,Batley Beck at Dewsbury,4,134,46,26,72
123FWF400,River Dearne at Darton and Barugh,10,126,67,31,98
123FWF402,River Dearne at Burton Grange and Lundwood,12,114,75,28,103
123FWF404,River Dearne at Darfield,11,78,62,12,74
123FWF405,River Dearne at Broomhill,12,16,6,4,10
123FWF406,River Dearne at Bolton upon Dearne - Coniston Drive and Dearne Road,6,11,5,0,5
123FWF407,River Dearne at Bolton upon Dearne - Mexborough Road and Riverside Gardens,9,64,38,16,54
123FWF408,River Dearne at Harlington,7,,,,
123FWF409,River Dearne at Bolton upon Dearne - Lowfield Road,6,,,,
123FWF410,River Dove from Aldham Bridge to Low Valley including Wombwell Ings Caravan Site,6,338,159,117,276
123FWF463,River Rother at Tapton,7,178,50,54,104
123FWF466,River Rother and Smithy Brook at Renishaw,8,133,36,64,100
123FWF474,River Rother at Catcliffe,8,297,192,60,252
123FWF477,Holme Brook at Ashgate,10,150,51,58,109
123FWF482,Brook Dike at Wath Upon Dearne,6,33,14,9,23
123FWF539,North Swaith Dike at Bentley,7,513,167,218,385
123FWF552,River Don at Bentley,8,687,479,136,615
123FWF553,River Don at Bentley Moor,14,4019,1989,1387,3376
123FWF566,River Loxley along Holme Lane,6,45,14,11,25
123FWF567,River Loxley at Malinbridge,8,90,18,46,64
123FWF568,River Loxley at Owlerton,8,280,99,128,227
123FWF569,River Sheaf at Dore Station,5,68,37,18,55
123FWF570,"River Sheaf from West View Lane, Abbeydale to Archer Road, Norton Hammer",10,181,49,75,124
123FWF571,"River Sheaf at Coniston Road, Norton Hammer",6,84,26,38,64
123FWF572,"River Sheaf at Little London Road and Abbeydale Road, Norton Hammer",7,191,71,61,132
123FWF573,"River Sheaf from Woodseats Road, Norton Hammer to Charlotte Road, Lowfield",9,51,14,16,30
123FWF575,"River Sheaf at Buttermere Close, Norton Hammer",8,72,22,37,59
123FWF576,River Sheaf at Broadfield Road to Queens Road Retail Park,11,273,97,78,175
123FWF578,River Sheaf at the Nether Edge end of Broadfield Road,8,16,8,0,8
123FWF580,"River Sheaf at Priestley Street, Duchess Street and Sheaf Gardens",8,268,73,73,146
123FWF581,River Sheaf at the Granville Square end of Queens Road,8,71,26,35,61
123FWF583,Porter Brook at Rosedale Gardens and Bruce Road in Sharrow Vale,9,124,31,51,82
123FWF584,"Porter Brook from Meadow Terrace to Boston Street, Sharrow Vale",11,286,40,72,112
123FWF585,"Porter Brook from Moor Street roundabout, Sharrow Vale to Edmund Road, Sheffield",11,1353,215,375,590
123FWF586,Porter Brook at Hickmott Road in Sharrow Vale and Wards Brewery,9,403,57,140,197
123FWF587,Porter Brook from Napier Street to Matilda Street including Mary Street,9,935,49,171,220
123FWF591,River Sheaf and Porter Brook from Granville Square to Commercial Street,8,265,16,48,64
123FWF593,River Sheaf and Porter Brook at Leadmill in Sheffield,6,151,34,64,98
123FWF594,River Sheaf and Porter Brook at Sheaf Square in Sheffield,5,122,2,37,39
123FWF595,"River Sheaf and Porter Brook at central bus station, Sheffield",6,,,,
123FWF596,River Sheaf and Porter Brook at Ponds Forge and Victoria Quay,7,45,10,14,24
123FWF597,"River Sheaf and Porter Brook at Effingham Street, Park Square and Victoria Quay",10,326,24,89,113
123FWF600,"River Don at Millhouse Green and Windmill Lane, Thurlstone",12,18,7,4,11
123FWF601,"River Don along Saville Lane, Thurlstone",10,,,,
123FWF603,"River Don at Hoyle Mill lane, Thurlstone and part of the A628 in Penistone",10,51,4,11,15
123FWF605,"River Don at Penistone Bridge, Wordsworth Court and Wentworth Meadows, Penistone",6,,,,
123FWF606,River Don at Oxspring and Cheesebottom,5,,,,
123FWF608,River Don at Thurgoland,6,,,,
123FWF610,"River Don at Wortley Top Forge, Huthwaite",4,,,,
123FWF611,River Don at Deepcar sewage treatment works,4,,,,
123FWF612,River Don at Ewden Water Treatment Works and Wharncliffe Side,7,152,11,64,75
123FWF614,River Don at Waterside Gardens in Oughtibridge,5,35,28,0,28
123FWF616,River Don at Winn Gardens in Sheffield,7,147,96,39,135
123FWF617,"River Don at Sheffield Wednesday, Owlerton",6,463,211,182,393
123FWF618,"River Don at Livesey Street and Club Mill Road, Owlerton",5,15,7,0,7
123FWF619,River Don at Neepsend and Hillfoot,7,129,14,36,50
123FWF621,River Don at Kelham Island,10,2159,364,679,1043
123FWF622,"River Don at the Wicker, Sheffield - including Bridge Street and Millsands",12,1102,209,279,488
123FWF623,"River Don at Brightside, Nursery Street and Nursery Lane, Sheffield",13,222,117,40,157
123FWF624,"River Don at Saville Street, Sheffield",15,23,17,4,21
123FWF625,"River Don at Burngreave, Atlas and Attercliffe, Sheffield",10,247,175,31,206
123FWF627,Car Brook at Darnall,1,132,5,86,91
123FWF628,River Don at Blackburn Meadows,1,,,,
123FWF629,River Don at Meadowhall and Carbrook,13,420,173,63,236
123FWF630,River Don at Templeborough and Ickles,11,56,15,6,21
123FWF631,River Don at New York,12,137,32,30,62
123FWF632,River Don at Rotherham Central,10,29,14,6,20
123FWF634,"River Don at Rotherham - Northfield, St Ann's Parkgate and Retail World",11,352,152,50,202
123FWF636,River Don at Kilnhurst,8,31,20,3,23
123FWF637,"River Don at Kilnhurst - Beighton Road, Springfield Road and Wharf Road",9,96,57,26,83
123FWF638,River Don at Old Denaby,10,,,,
123FWF639,River Don at Swinton Bridge and Mexborough,10,464,125,223,348
123FWF640,River Don at Conisbrough,14,193,36,118,154
123FWF641,River Don at Lower Sprotbrough,7,,,,
123FWF642,River Don at Newton Farm,7,,,,
123FWF644,"River Don at Marshgate Retail Park, Crimpsall",9,15,9,0,9
123FWF646,River Don at Willow Bridge Caravan Site,7,55,23,18,41
123FWF648,River Don at Doncaster,12,1120,91,627,718
123FWF649,River Don at Kirk Sandall,12,2201,409,1161,1570
123FWF653,River Don at Braithwaite,7,64,38,16,54
123FWF655,River Don at South Bramwith,9,21,12,0,12
123FWF656,River Don at Swinton Bridge,7,149,15,80,95
123FWF665,Ea Beck at South Elmsall,8,157,56,60,116
123FWF666,Ea Beck at Skellow,9,725,318,264,582
123FWF669,Ea Beck at Adwick-le-Street including Adwick Station,9,101,34,32,66
123FWF674,Ea Beck at Carcroft,9,201,71,54,125
123FWF675,Ea Beck at Tilts Hills,8,,,,
123FWF676,Ea Beck at Tilts,8,,,,
123FWF677,Ea Beck at Toll Bar,14,536,305,163,468
123FWF679,Ea Beck at Shaftholme,11,,,,
123FWF680,Ea Beck at Thorpe Marsh and Almholme,12,,,,
123FWF681,River Went at Wentbridge,13,21,15,0,15
123FWF682,"River Went at Topham Ferry, Sykehouse",13,,,,
123FWF690,Blackburn Brook and Charlton Brook from Chapeltown to North Ecclesfield,6,206,92,58,150
123FWF691,Ecclesfield Brook at Ecclesfield,6,73,39,19,58
123FWF692,Blackburn Brook from Ecclesfield to Wincobank,7,70,41,20,61
123FWF693,Blackburn Brook and its tributaries from Chapeltown to Wincobank,8,220,92,73,165
123FWF698,River Don at Stainforth,6,1733,524,748,1272
123FWF699,River Don at Fishlake,8,246,192,39,231
123FWF700,River Rother at Birdholme,8,35,17,5,22
123FWF701,River Rother at Central Chesterfield,11,326,138,131,269
123FWF702,River Rother at North Chesterfield and Old Whittington,10,42,8,9,17
123FWF705,River Rother at Staveley Business Centre,8,44,19,5,24
123FWF706,River Rother at Killamarsh,9,25,6,13,19
123FWF707,River Rother at New Whittington,1,23,8,11,19
123FWF708,River Rother at Rother Valley Country Park,7,,,,
123FWF709,River Rother at Beighton,8,46,22,23,45
123FWF710,River Rother at Treeton,9,13,9,0,9
123FWF711,River Rother at Woodhouse Mill,1,38,16,16,32
123FWF712,River Hipper at Brampton,11,185,137,32,169
123FWF713,River Hipper at Central Chesterfield,9,25,12,3,15
123FWF716,River Doe Lea at Staveley,11,102,17,46,63
123FWF718,"River Whitting at Old Whittington and Sheepbridge, including Barlow Brook",11,208,80,72,152
123FWF719,River Drone at Dronfield and Unstone,12,69,11,21,32
123FWF720,Whiston Brook at Whiston,5,107,52,36,88
123FWF721,Wortley Beck from Stone Bridge Mill to Whitehall Roundabout,1,142,34,72,106
123FWF722,Wortley Beck from Far Royd to City West One office park,1,44,15,7,22
123FWF723,River Rother at Hady Hill,2,339,167,128,295
123FWF724,River Rother at Staveley Lane,1,,,,
123FWF734,Wash Dike at Ferrybridge,3,46,16,14,30
123FWF735,River Ryburn at Ripponden,3,234,20,145,165
123FWF736,River Calder between Sowerby Bridge and Copley,1,148,47,78,125
123FWF737,Meanwood Beck at Headingley and Weetwood,6,326,58,196,254
123FWF738,Meanwood Beck at Buslingthorpe and Sheepscar,3,181,14,68,82
123FWF739,"Meanwood Beck at Buslingthorpe, Mabgate and Quarry Hill",6,1231,29,521,550
123FWF740,Gledhow Beck at Harehills,4,339,16,214,230
123FWF741,Silsden Beck at Silsden,3,643,46,353,399
123FWF742,Baildon Dyke at Skelmanthorpe,3,15,4,6,10
123FWF743,River Aire at Woodlesford,3,238,25,142,167
123FWF744,Wyke Back at Valley Road,2,90,28,46,74
123FWF745,Wyke Beck at Neville Road,2,,,,
123FWF747,Grimescar Dike at Birkby,2,220,22,151,173
123FWF748,Allison Dike at Hillhouse,2,376,13,260,273
123FWF749,Longwood Beck at Longwood,2,136,11,60,71
123FWF750,River Dearne at Scisset,2,93,13,27,40
123FWF751,Tyersal and Pudsey Beck at Pudsey,3,151,15,104,119
123FWF752,Oulton Beck at Oulton,1,35,11,17,28
123FWF753,Long Dike and Sutton Beck at Sutton in Craven,2,104,25,57,82
123FWF755,Bagley Dike at Grimesthorpe,1,140,4,75,79
123FWF756,Lingwell Gate Beck at Lofthouse Gate,1,27,5,18,23
123FWF757,River Aire at Chapel Haddlesey,1,84,38,39,77
123FWF758,Blacup Beck at Cleckheaton,1,271,74,136,210
123FWF759,River Calder at Whitwood Mere and Methley riverside properties,1,27,12,10,22
123FWF761,River Aire at Wheldale Lane,1,,,,
123FWF762,"River Aire at West Lane, Burn",1,,,,
123FWF763,River Aire at Burn,1,135,21,78,99
123FWF764,River Aire at Brayton,1,208,47,111,158
123FWF765,"River Aire at Hillam, Monk Fryston and Gateforth",1,42,2,26,28
123FWF767,River Aire at East Haddlesey,1,,,,
123FWF773,Pool Brook at Duckmanton,1,,,,
123FWF782,Cononley Beck at Cononley,1,189,25,108,133
123FWF783,River Dearne at Little Houghton,1,,,,
123FWF785,Bradford Beck and tributaries at Bradford,1,1976,55,795,850
123FWF786,Hunsworth Beck at Oakenshaw,1,157,11,88,99
123FWF787,Kearsley Brook at Conisbrough,1,62,27,16,43
123FWF788,River Aire at Apperley Bridge,1,130,50,51,101
123FWT001,River Aire at Temple Hirst,2,23,16,0,16
123FWT003,River Don at Moorends,1,2216,543,1117,1660
123FWT052,River Ouse at Goole Docks,8,14,8,0,8
123FWT053,River Don and River Went at Askern,7,216,20,120,140
123FWT057,River Don at Thorne,12,62,35,12,47
123FWT059,"River Don and River Went at Pollington, Eskholme and Pincheon Green",10,95,53,32,85
123FWT062,"River Ouse at Goole, and River Aire at Rawcliffe and Rawcliffe Bridge",17,10102,1934,5900,7834
123FWT063,River Ouse from Old Goole to Whitgift including Swinefleet and Reedness,11,1709,606,732,1338
123FWT152,River Aire at Carlton,11,403,248,114,362
123FWT155,River Aire at Newland,9,70,58,4,62
123WAF957,Earby Beck Catchment,1,657,124,0,79
123WAF958,River Holme Catchment,2,1100,254,0,126
123WAF960,Upper River Aire catchment,19,3896,716,0,398
123WAF961,Middle River Aire catchment,15,17137,2640,0,1277
123WAF962,Lower River Aire catchment,15,2340,668,0,339
123WAF963,Upper River Calder catchment,11,8536,3805,0,2144
123WAF964,Lower River Calder catchment,13,7713,2381,0,740
123WAF965,River Colne and Fenay Beck Catchments,14,3418,807,0,177
123WAF966,Upper River Rother catchment,14,2551,860,0,428
123WAF967,Lower River Rother,16,1177,395,0,286
123WAF968,River Sheaf Catchment,16,2407,596,0,233
123WAF969,River Dearne catchment,13,2040,622,0,437
123WAF970,Upper River Don catchment,14,4823,1103,0,626
123WAF971,Middle River Don catchment,14,4372,1217,0,614
123WAF972,Lower River Don catchment,11,12167,4325,0,1939
123WAF973,Car Brook catchment,2,151,5,0,4
123WAF980,Glusburn Beck Catchment,5,1103,268,0,133
123WAF981,River Worth catchment,3,776,257,0,86
123WAF982,Wyke Beck and Meanwood Beck catchments,4,2647,279,0,157
123WAF983,Wash Dike catchment,4,290,64,0,60
123WAF984,River Spen and Batley Beck catchments,9,2338,572,0,158
123WAF985,Ings Beck and Oakenshaw Beck,8,2684,802,0,227
123WAF986,River Doe Lea catchment,4,188,24,0,13
123WAF987,Blackburn Brook,4,646,254,0,209
123WAF988,Ea Beck catchment,3,3139,891,0,331
123WAF989,River Went catchment,5,982,104,0,77
123WAF990,Whiston Brook catchment,5,117,56,0,53
123WAF991,Porter Brook Catchment,1,3715,393,0,129
123WAF992,Wortley Beck Catchment,1,479,95,0,84
123WAF993,Kearsley Brook Catchment,1,62,27,0,23
123WAT979,"Tidal River Ouse, Don and the Dutch River catchment",13,13514,2967,0,1888
123WAT983,Tidal River Aire catchment,6,4471,1991,0,1327
IT_Test_FWF_101,IT_Test_FWF_101,3,0,0,0,0
